parent_slug,parent_uuid,subevent_name,subevent_id,subevent_date,year,reconstructed
im-australia,a598aa20-f278-e111-b16a-005056956277,2005 IRONMAN Australia: Triathlon,350ca926-af5a-e211-b7a2-005056956277,4/3/2005,2005,
im-australia,a598aa20-f278-e111-b16a-005056956277,2006 IRONMAN Australia: Triathlon,1714d0b1-4eae-e111-80ae-005056956277,4/2/2006,2006,
im-australia,a598aa20-f278-e111-b16a-005056956277,2007 IRONMAN Australia: Triathlon,3aef9550-af5a-e211-b7a2-005056956277,4/1/2007,2007,
im-australia,a598aa20-f278-e111-b16a-005056956277,2008 IRONMAN Australia: Triathlon,34838374-af5a-e211-b7a2-005056956277,4/6/2008,2008,
im-australia,a598aa20-f278-e111-b16a-005056956277,2009 IRONMAN Australia: Triathlon,0a787398-af5a-e211-b7a2-005056956277,4/5/2009,2009,
im-australia,a598aa20-f278-e111-b16a-005056956277,2010 IRONMAN Australia: Triathlon,110c61bc-af5a-e211-b7a2-005056956277,3/28/2010,2010,
im-australia,a598aa20-f278-e111-b16a-005056956277,2011 IRONMAN Australia: Triathlon,e716d0b1-4eae-e111-80ae-005056956277,5/1/2011,2011,
im-australia,a598aa20-f278-e111-b16a-005056956277,2012 IRONMAN Australia: Triathlon,0518d0b1-4eae-e111-80ae-005056956277,5/6/2012,2012,
im-australia,a598aa20-f278-e111-b16a-005056956277,2013 IRONMAN Australia: Triathlon,04626994-3055-e211-b7a2-005056956277,5/5/2013,2013,
im-australia,a598aa20-f278-e111-b16a-005056956277,2014 IRONMAN Australia,1c4952b5-7a15-e311-9ec7-005056956277,5/4/2014,2014,
im-australia,a598aa20-f278-e111-b16a-005056956277,2015 IRONMAN Australia,bdcc3b32-e117-4063-97e7-5566c0cfdea8,5/3/2015,2015,
im-australia,a598aa20-f278-e111-b16a-005056956277,2016 IRONMAN Australia,edc04f23-14ff-e411-9401-005056951bf1,5/1/2016,2016,
im-australia,a598aa20-f278-e111-b16a-005056956277,2017 IRONMAN Australia,5cff01a4-f212-e611-940d-005056951bf1,5/7/2017,2017,
im-australia,a598aa20-f278-e111-b16a-005056956277,2018 IRONMAN Australia,251ef595-b531-e711-9416-005056951bf1,5/6/2018,2018,
im-australia,a598aa20-f278-e111-b16a-005056956277,2019 IRONMAN Australia,bdbcb18e-d74f-e811-941e-005056951bf1,5/5/2019,2019,
im-australia,a598aa20-f278-e111-b16a-005056956277,2022 IRONMAN Australia,a35d2354-0a22-452d-b7a3-0d1c4b9299da,5/1/2022,2022,
im-australia,a598aa20-f278-e111-b16a-005056956277,2023 IRONMAN Australia,89a21377-7ed9-42c7-ae59-a02ae9fbcd3a,5/7/2023,2023,
im-australia,a598aa20-f278-e111-b16a-005056956277,2024 IRONMAN Australia,a0a601f2-a5ef-45dd-8001-faea87c3ad10,5/5/2024,2024,
im-australia,a598aa20-f278-e111-b16a-005056956277,2025 IRONMAN Australia,274e2cff-0517-4fcc-bbb6-845c25652390,5/4/2025,2025,
im-austria,e6b03b63-dbb0-e111-80ae-005056956277,2005 IRONMAN Austria: Triathlon,26acd771-a55a-e211-b7a2-005056956277,7/3/2005,2005,
im-austria,e6b03b63-dbb0-e111-80ae-005056956277,2006 IRONMAN Austria: Triathlon,33e2e6a7-a55a-e211-b7a2-005056956277,7/16/2006,2006,
im-austria,e6b03b63-dbb0-e111-80ae-005056956277,2007 IRONMAN Austria: Triathlon,4626d8e9-a55a-e211-b7a2-005056956277,7/8/2007,2007,
im-austria,e6b03b63-dbb0-e111-80ae-005056956277,2008 IRONMAN Austria: Triathlon,ea1bc919-a65a-e211-b7a2-005056956277,7/13/2008,2008,
im-austria,e6b03b63-dbb0-e111-80ae-005056956277,2009 IRONMAN Austria: Triathlon,22d09c4f-a65a-e211-b7a2-005056956277,7/5/2009,2009,
im-austria,e6b03b63-dbb0-e111-80ae-005056956277,2010 IRONMAN Austria: Triathlon,8487927f-a65a-e211-b7a2-005056956277,7/4/2010,2010,
im-austria,e6b03b63-dbb0-e111-80ae-005056956277,2011 IRONMAN Austria: Triathlon,944dbda9-a65a-e211-b7a2-005056956277,7/3/2011,2011,
im-austria,e6b03b63-dbb0-e111-80ae-005056956277,2012 IRONMAN Austria: Triathlon,9b193d7d-56fc-e111-aa75-005056956277,7/1/2012,2012,
im-austria,e6b03b63-dbb0-e111-80ae-005056956277,2013 IRONMAN Austria: Triathlon,cc472e11-f0b0-e111-80ae-005056956277,6/30/2013,2013,
im-austria,e6b03b63-dbb0-e111-80ae-005056956277,2014 IRONMAN Austria,1d4952b5-7a15-e311-9ec7-005056956277,6/29/2014,2014,
im-austria,e6b03b63-dbb0-e111-80ae-005056956277,2015 IRONMAN Austria,4f8f2417-dcbf-4560-beab-6d464acc5530,6/28/2015,2015,
im-austria,e6b03b63-dbb0-e111-80ae-005056956277,2016 IRONMAN Austria,46882db3-fe0d-e511-9401-005056951bf1,6/26/2016,2016,
im-austria,e6b03b63-dbb0-e111-80ae-005056956277,2017 IRONMAN Austria,bdf33b12-1637-e611-940f-005056951bf1,7/2/2017,2017,
im-austria,e6b03b63-dbb0-e111-80ae-005056956277,2018 IRONMAN Austria,ecb0249c-925a-e711-9418-005056951bf1,7/1/2018,2018,
im-austria,e6b03b63-dbb0-e111-80ae-005056956277,2019 IRONMAN Austria,5a58f70f-df7a-e811-941f-005056951bf1,7/7/2019,2019,
im-austria,e6b03b63-dbb0-e111-80ae-005056956277,2021 IRONMAN Austria,1ec4ff9e-e91f-42e0-825b-3ee0aa27cbd8,9/19/2021,2021,
im-austria,e6b03b63-dbb0-e111-80ae-005056956277,2021 IRONMAN Austria Bike-Run,5073c698-3aec-4d1a-9f98-840cdff43a59,9/19/2021,2021,
im-austria,e6b03b63-dbb0-e111-80ae-005056956277,2022 IRONMAN Austria,f78281c1-1732-4295-9515-cf5dac4af423,7/3/2022,2022,
im-austria,e6b03b63-dbb0-e111-80ae-005056956277,"2023 IRONMAN Kaernten-Klagenfurt, Austria",63ba0c5c-89e1-4646-a38c-55bda838e32a,6/18/2023,2023,
im-austria,e6b03b63-dbb0-e111-80ae-005056956277,"2024 IRONMAN Kaernten-Klagenfurt, Austria",74f7a320-3cb3-4e1f-a860-faebaa6e0e61,6/16/2024,2024,
im-austria,e6b03b63-dbb0-e111-80ae-005056956277,"2025 IRONMAN Kaernten-Klagenfurt, Austria",9e9018ff-c307-447c-a26c-5927df800fdd,6/15/2025,2025,
im-barcelona,c413f2e7-2dca-e311-b5f4-005056956277,2014 IRONMAN Barcelona,15507a1d-2eca-e311-b5f4-005056956277,10/5/2014,2014,
im-barcelona,c413f2e7-2dca-e311-b5f4-005056956277,2015 IRONMAN Barcelona,1dada4bb-01c5-4e71-bc3f-9644807682db,10/4/2015,2015,
im-barcelona,c413f2e7-2dca-e311-b5f4-005056956277,2016 IRONMAN Barcelona,b32f8e30-ef65-e511-9409-005056951bf1,10/2/2016,2016,
im-barcelona,c413f2e7-2dca-e311-b5f4-005056956277,2017 IRONMAN Barcelona,1ef9ac72-ba85-e611-9410-005056951bf1,9/30/2017,2017,
im-barcelona,c413f2e7-2dca-e311-b5f4-005056956277,2018 IRONMAN Barcelona,b51269e6-49a5-e711-9419-005056951bf1,10/7/2018,2018,
im-barcelona,c413f2e7-2dca-e311-b5f4-005056956277,2019 IRONMAN Barcelona,c4cc10f9-88b6-e811-a967-000d3a37468c,10/6/2019,2019,
im-barcelona,c413f2e7-2dca-e311-b5f4-005056956277,2021 IRONMAN Barcelona,0c82c066-8f9e-4d6d-b8a9-a452c14dfa50,10/3/2021,2021,
im-barcelona,c413f2e7-2dca-e311-b5f4-005056956277,2021 IRONMAN Barcelona Bike-Run,ea67819e-4b61-4c42-a5e7-0f66e02f3eb1,10/3/2021,2021,
im-barcelona,c413f2e7-2dca-e311-b5f4-005056956277,2022 IRONMAN Barcelona,15d0cb98-aa9d-4bdf-8824-73820b017bf4,10/2/2022,2022,
im-barcelona,c413f2e7-2dca-e311-b5f4-005056956277,2023 IRONMAN Barcelona,0a3940cf-3793-4d08-aa72-176a27830c3e,10/1/2023,2023,
im-barcelona,c413f2e7-2dca-e311-b5f4-005056956277,2024 IRONMAN Calella-Barcelona,8613dae2-83f4-4dcd-b7db-deb752f5cd90,10/6/2024,2024,
im-barcelona,c413f2e7-2dca-e311-b5f4-005056956277,2025 IRONMAN Calella-Barcelona,633f40fa-698f-4380-bb5f-9b50fe173849,10/5/2025,2025,
im-brazil,a798aa20-f278-e111-b16a-005056956277,2006 IRONMAN Brazil: Triathlon,4b14d0b1-4eae-e111-80ae-005056956277,5/28/2006,2006,
im-brazil,a798aa20-f278-e111-b16a-005056956277,2007 IRONMAN Brazil: Triathlon,9d14d0b1-4eae-e111-80ae-005056956277,5/27/2007,2007,
im-brazil,a798aa20-f278-e111-b16a-005056956277,2008 IRONMAN Brazil: Triathlon,f314d0b1-4eae-e111-80ae-005056956277,5/25/2008,2008,
im-brazil,a798aa20-f278-e111-b16a-005056956277,2009 IRONMAN Brazil: Triathlon,6515d0b1-4eae-e111-80ae-005056956277,5/31/2009,2009,
im-brazil,a798aa20-f278-e111-b16a-005056956277,2010 IRONMAN Brazil: Triathlon,0116d0b1-4eae-e111-80ae-005056956277,5/30/2010,2010,
im-brazil,a798aa20-f278-e111-b16a-005056956277,2012 IRONMAN Brazil: Triathlon,0718d0b1-4eae-e111-80ae-005056956277,5/27/2012,2012,
im-brazil,a798aa20-f278-e111-b16a-005056956277,2013 IRONMAN Brazil: Triathlon,05626994-3055-e211-b7a2-005056956277,5/26/2013,2013,
im-brazil,a798aa20-f278-e111-b16a-005056956277,2014 IRONMAN Brazil,2b4952b5-7a15-e311-9ec7-005056956277,5/25/2014,2014,
im-brazil,a798aa20-f278-e111-b16a-005056956277,2015 IRONMAN Brazil,9cf16db7-1e36-4195-bbd9-34875b4f3c6c,5/31/2015,2015,
im-brazil,a798aa20-f278-e111-b16a-005056956277,2016 IRONMAN South American Championship Brazil,a84047ac-751e-e511-9403-005056951bf1,5/29/2016,2016,
im-brazil,a798aa20-f278-e111-b16a-005056956277,2017 IRONMAN South American Championship Brazil,894a2d5d-b337-e611-940f-005056951bf1,5/28/2017,2017,
im-brazil,a798aa20-f278-e111-b16a-005056956277,2018 IRONMAN Brazil,94ddc8cf-1a4a-e711-9418-005056951bf1,5/27/2018,2018,
im-brazil,a798aa20-f278-e111-b16a-005056956277,2019 IRONMAN Brazil,a92a66fe-7a72-e811-941f-005056951bf1,5/26/2019,2019,
im-brazil,a798aa20-f278-e111-b16a-005056956277,2022 IRONMAN Brazil,d0473beb-7a3a-42cb-be57-5bed17fca869,5/29/2022,2022,
im-brazil,a798aa20-f278-e111-b16a-005056956277,2023 IRONMAN Brazil,53389811-79d1-4935-90b0-4b099b224b7b,5/28/2023,2023,
im-brazil,a798aa20-f278-e111-b16a-005056956277,2024 IRONMAN Brazil,a6de1990-93cb-42f1-aaf9-670dbc95ad70,5/19/2024,2024,
im-brazil,a798aa20-f278-e111-b16a-005056956277,2025 IRONMAN Brazil,e00bb95b-d764-4927-a226-434bf5ae0f3b,6/1/2025,2025,
im-cairns,6a6e11d2-86fe-e111-aa75-005056956277,2012 IRONMAN Cairns: Triathlon,e8918918-87fe-e111-aa75-005056956277,6/3/2012,2012,
im-cairns,6a6e11d2-86fe-e111-aa75-005056956277,2013 IRONMAN Cairns,46626994-3055-e211-b7a2-005056956277,6/9/2013,2013,
im-cairns,6a6e11d2-86fe-e111-aa75-005056956277,2014 IRONMAN Cairns,264952b5-7a15-e311-9ec7-005056956277,6/8/2014,2014,
im-cairns,6a6e11d2-86fe-e111-aa75-005056956277,2015 IRONMAN Cairns,e35e353e-ce2a-4a19-bd32-578882c81cf3,6/14/2015,2015,
im-cairns,6a6e11d2-86fe-e111-aa75-005056956277,2016 IRONMAN Asia-Pacific Championship Cairns,88c8fdaf-e519-e511-9403-005056951bf1,6/12/2016,2016,
im-cairns,6a6e11d2-86fe-e111-aa75-005056956277,2017 IRONMAN Cairns,5d4f7b61-b22c-e611-940e-005056951bf1,6/11/2017,2017,
im-cairns,6a6e11d2-86fe-e111-aa75-005056956277,2018 IRONMAN Cairns,10a0b97c-9152-e711-9418-005056951bf1,6/10/2018,2018,
im-cairns,6a6e11d2-86fe-e111-aa75-005056956277,2019 IRONMAN Cairns,e9a0289c-7a72-e811-941f-005056951bf1,6/9/2019,2019,
im-cairns,6a6e11d2-86fe-e111-aa75-005056956277,2020 IRONMAN Asia-Pacific Championship Cairns,2771122a-7c8b-e911-a978-000d3a37468c,9/27/2020,2020,
im-cairns,6a6e11d2-86fe-e111-aa75-005056956277,2021 IRONMAN Cairns,2cceae96-8e89-4ef3-8b62-6e7aefe879f2,6/6/2021,2021,
im-cairns,6a6e11d2-86fe-e111-aa75-005056956277,2022 IRONMAN Cairns,f450c9cf-cd83-450f-8a8e-a66d7a5261b2,6/12/2022,2022,
im-cairns,6a6e11d2-86fe-e111-aa75-005056956277,2023 IRONMAN Cairns,b685b143-f655-4add-8283-f1517a98e7a1,6/18/2023,2023,
im-cairns,6a6e11d2-86fe-e111-aa75-005056956277,2024 IRONMAN Cairns,c0a881f6-dead-4fdf-9dd3-cebd6fa4b83b,6/16/2024,2024,
im-cairns,6a6e11d2-86fe-e111-aa75-005056956277,2025 IRONMAN Cairns,3ee496da-ea1b-4d5a-bd2b-bc98612e794d,6/15/2025,2025,
im-california,d74670f6-7fb2-4813-96e1-fae4ab1b948c,2022 IRONMAN California,d65cf230-9959-4305-89e0-1a6742d2547a,10/23/2022,2022,
im-california,d74670f6-7fb2-4813-96e1-fae4ab1b948c,2023 IRONMAN California,a19ca236-64cb-4260-89b2-3235f8de33d2,10/22/2023,2023,
im-california,d74670f6-7fb2-4813-96e1-fae4ab1b948c,2024 IRONMAN California,ae0e5d71-3d79-4515-a179-11f044dccb61,10/27/2024,2024,
im-california,d74670f6-7fb2-4813-96e1-fae4ab1b948c,2025 IRONMAN California,1fc58eb1-18fc-417d-bd3b-5aa674132777,10/19/2025,2025,
im-cascais,4a7d66f0-94f5-e911-a812-000d3a5a1cf8,2025 IRONMAN Portugal-Cascais,a407a3d4-6076-441c-abac-be93484f40a8,,2025,yes
im-chattanooga,0a742931-cf10-e311-9ec7-005056956277,2014 IRONMAN Chattanooga,ea3c727b-cf10-e311-9ec7-005056956277,9/28/2014,2014,
im-chattanooga,0a742931-cf10-e311-9ec7-005056956277,2015 IRONMAN Chattanooga,65c909cb-8a31-4c49-bbcb-ffb5281ecedb,9/27/2015,2015,
im-chattanooga,0a742931-cf10-e311-9ec7-005056956277,2016 IRONMAN Chattanooga,84917a1c-1f62-e511-9409-005056951bf1,9/25/2016,2016,
im-chattanooga,0a742931-cf10-e311-9ec7-005056956277,2017 IRONMAN Chattanooga,f73d243c-2d80-e611-9410-005056951bf1,9/24/2017,2017,
im-chattanooga,0a742931-cf10-e311-9ec7-005056956277,2018 IRONMAN Chattanooga,324aba02-08a2-e711-9419-005056951bf1,9/30/2018,2018,
im-chattanooga,0a742931-cf10-e311-9ec7-005056956277,2019 IRONMAN Chattanooga,acdabbde-4ec6-e811-a96a-000d3a35f53a,9/29/2019,2019,
im-chattanooga,0a742931-cf10-e311-9ec7-005056956277,2021 IRONMAN Chattanooga,e7c5b87f-7b8b-4bfe-8989-c9f65ece83e5,9/26/2021,2021,
im-chattanooga,0a742931-cf10-e311-9ec7-005056956277,2022 IRONMAN Chattanooga,71a620f4-b009-492e-b42d-ef4de60ef792,9/25/2022,2022,
im-chattanooga,0a742931-cf10-e311-9ec7-005056956277,2023 IRONMAN Chattanooga,d4796fc3-d1ac-4c69-9dc8-215d1ecb3853,9/24/2023,2023,
im-chattanooga,0a742931-cf10-e311-9ec7-005056956277,2024 IRONMAN Chattanooga,545610b7-a7c5-4eea-ac20-ca75e220294f,9/29/2024,2024,
im-chattanooga,0a742931-cf10-e311-9ec7-005056956277,2025 IRONMAN Chattanooga,eecbddcc-fec9-4c52-ab35-28f77cb1c81b,9/28/2025,2025,
im-copenhagen,6b909a24-f40f-e311-9ec7-005056956277,2013 IRONMAN Copenhagen,8bc5a0b9-f40f-e311-9ec7-005056956277,8/18/2013,2013,
im-copenhagen,6b909a24-f40f-e311-9ec7-005056956277,2014 IRONMAN Copenhagen,1e4952b5-7a15-e311-9ec7-005056956277,8/24/2014,2014,
im-copenhagen,6b909a24-f40f-e311-9ec7-005056956277,2015 IRONMAN Copenhagen,d0a25579-f64d-4e47-84a9-b0c97ceabcaf,8/23/2015,2015,
im-copenhagen,6b909a24-f40f-e311-9ec7-005056956277,2016 IRONMAN Copenhagen,f5f53b8a-2f41-e511-9409-005056951bf1,8/21/2016,2016,
im-copenhagen,6b909a24-f40f-e311-9ec7-005056956277,2017 IRONMAN Copenhagen,ed045d7a-c563-e611-940f-005056951bf1,8/20/2017,2017,
im-copenhagen,6b909a24-f40f-e311-9ec7-005056956277,2018 IRONMAN Copenhagen,2f9635a9-4187-e711-9419-005056951bf1,8/19/2018,2018,
im-copenhagen,6b909a24-f40f-e311-9ec7-005056956277,2019 IRONMAN Copenhagen,d7b6268d-64a5-e811-a966-000d3a37468c,8/18/2019,2019,
im-copenhagen,6b909a24-f40f-e311-9ec7-005056956277,2021 IRONMAN Copenhagen Bike-Run,8305ece9-27bb-41ee-a658-80f4cb195e7c,8/22/2021,2021,
im-copenhagen,6b909a24-f40f-e311-9ec7-005056956277,2021 IRONMAN Copenhagen,d475d4af-8721-4f69-949f-e8e187d5544e,8/22/2021,2021,
im-copenhagen,6b909a24-f40f-e311-9ec7-005056956277,2022 IRONMAN Copenhagen,0295e570-64dd-47d8-b244-0449ca8d1b0b,8/21/2022,2022,
im-copenhagen,6b909a24-f40f-e311-9ec7-005056956277,2023 IRONMAN Copenhagen,8be47099-e69a-444b-98c5-f5be134ebacc,8/20/2023,2023,
im-copenhagen,6b909a24-f40f-e311-9ec7-005056956277,2024 IRONMAN Copenhagen,f7ea583a-e06f-4f4d-a19e-bfa325dce97c,8/18/2024,2024,
im-copenhagen,6b909a24-f40f-e311-9ec7-005056956277,2025 IRONMAN Copenhagen,e76951cf-c3df-4295-8cee-a41b118a33ff,8/17/2025,2025,
im-cozumel,b398aa20-f278-e111-b16a-005056956277,2009 IRONMAN Cozumel: Triathlon,6f15d0b1-4eae-e111-80ae-005056956277,11/29/2009,2009,
im-cozumel,b398aa20-f278-e111-b16a-005056956277,2010 IRONMAN Cozumel: Triathlon,0b16d0b1-4eae-e111-80ae-005056956277,11/28/2010,2010,
im-cozumel,b398aa20-f278-e111-b16a-005056956277,2011 IRONMAN Cozumel: Triathlon,0717d0b1-4eae-e111-80ae-005056956277,11/27/2011,2011,
im-cozumel,b398aa20-f278-e111-b16a-005056956277,2012 IRONMAN Cozumel: Triathlon,1518d0b1-4eae-e111-80ae-005056956277,11/25/2012,2012,
im-cozumel,b398aa20-f278-e111-b16a-005056956277,2013 IRONMAN Cozumel: Triathlon,0a626994-3055-e211-b7a2-005056956277,12/1/2013,2013,
im-cozumel,b398aa20-f278-e111-b16a-005056956277,2014 IRONMAN Cozumel,304952b5-7a15-e311-9ec7-005056956277,11/30/2014,2014,
im-cozumel,b398aa20-f278-e111-b16a-005056956277,2015 IRONMAN Cozumel,1c9273de-dbd9-4c2f-82ab-389471a0e299,11/29/2015,2015,
im-cozumel,b398aa20-f278-e111-b16a-005056956277,2016 IRONMAN Cozumel,71f921f5-e7ba-e511-940c-005056951bf1,11/27/2016,2016,
im-cozumel,b398aa20-f278-e111-b16a-005056956277,2017 IRONMAN Cozumel,62325c4e-ffd2-e611-9412-005056951bf1,11/26/2017,2017,
im-cozumel,b398aa20-f278-e111-b16a-005056956277,2018 IRONMAN Cozumel,ad41c04d-cdb5-e711-941b-005056951bf1,11/18/2018,2018,
im-cozumel,b398aa20-f278-e111-b16a-005056956277,2019 IRONMAN Cozumel,f1489aae-cc44-e811-941e-005056951bf1,11/24/2019,2019,
im-cozumel,b398aa20-f278-e111-b16a-005056956277,2020 IRONMAN Cozumel,7d5d5ba8-fd38-e911-a974-000d3a36478d,11/22/2020,2020,
im-cozumel,b398aa20-f278-e111-b16a-005056956277,2021 IRONMAN Cozumel,fe5ce325-4545-4029-92d7-06b041bd3327,11/21/2021,2021,
im-cozumel,b398aa20-f278-e111-b16a-005056956277,2022 IRONMAN Cozumel,b74ca66a-5739-40c3-a2a2-31ac31615dee,11/20/2022,2022,
im-cozumel,b398aa20-f278-e111-b16a-005056956277,2023 IRONMAN Cozumel,0c1a200f-69d5-46e6-98d6-c164a63a9fb9,11/19/2023,2023,
im-cozumel,b398aa20-f278-e111-b16a-005056956277,2024 IRONMAN Cozumel,9af45ff9-1802-4aa5-88bc-0090d1df6513,11/24/2024,2024,
im-cozumel,b398aa20-f278-e111-b16a-005056956277,2025 IRONMAN Cozumel,f35fbd8f-28bd-4dbb-b940-1b7e1dff7117,11/23/2025,2025,
im-emilia-romagna,aa3f9693-bd9a-e611-9410-005056951bf1,2017 IRONMAN Emilia Romagna,57b5a0e7-bd9a-e611-9410-005056951bf1,,2017,yes
im-emilia-romagna,aa3f9693-bd9a-e611-9410-005056951bf1,2018 IRONMAN Emilia Romagna,98f707e1-c6a2-e711-9419-005056951bf1,,2018,yes
im-emilia-romagna,aa3f9693-bd9a-e611-9410-005056951bf1,2019 IRONMAN Emilia Romagna,f2f381dd-edc0-e811-a96d-000d3a364086,,2019,yes
im-emilia-romagna,aa3f9693-bd9a-e611-9410-005056951bf1,2021 IRONMAN Emilia Romagna Bike-Run,f2d3dd3c-606c-4c4d-bffd-c10d4d73f4a4,,2021,yes
im-emilia-romagna,aa3f9693-bd9a-e611-9410-005056951bf1,2022 IRONMAN Emilia Romagna,bd315cf1-68d4-44a7-95ef-de17ef57a380,,2022,yes
im-emilia-romagna,aa3f9693-bd9a-e611-9410-005056951bf1,2023 IRONMAN Italy Emilia Romagna,8f2109e4-6d97-494c-9d54-ea42a5666dae,,2023,yes
im-emilia-romagna,aa3f9693-bd9a-e611-9410-005056951bf1,2024 IRONMAN Emilia Romagna,fea6dadb-93a9-42c9-ba4e-3dfc6d024b22,,2024,yes
im-emilia-romagna,aa3f9693-bd9a-e611-9410-005056951bf1,2025 IRONMAN Emilia Romagna,261dd41f-3a15-4684-bbe4-1a0284bad7e5,,2025,yes
im-florida,b998aa20-f278-e111-b16a-005056956277,2002 IRONMAN Florida: Triathlon,5913d0b1-4eae-e111-80ae-005056956277,11/9/2002,2002,
im-florida,b998aa20-f278-e111-b16a-005056956277,2003 IRONMAN Florida: Triathlon,8913d0b1-4eae-e111-80ae-005056956277,11/8/2003,2003,
im-florida,b998aa20-f278-e111-b16a-005056956277,2004 IRONMAN Florida: Triathlon,bf13d0b1-4eae-e111-80ae-005056956277,11/6/2004,2004,
im-florida,b998aa20-f278-e111-b16a-005056956277,2005 IRONMAN Florida: Triathlon,0314d0b1-4eae-e111-80ae-005056956277,11/5/2005,2005,
im-florida,b998aa20-f278-e111-b16a-005056956277,2006 IRONMAN Florida: Triathlon,4f14d0b1-4eae-e111-80ae-005056956277,11/4/2006,2006,
im-florida,b998aa20-f278-e111-b16a-005056956277,2007 IRONMAN Florida: Triathlon,a114d0b1-4eae-e111-80ae-005056956277,11/3/2007,2007,
im-florida,b998aa20-f278-e111-b16a-005056956277,2008 IRONMAN Florida: Triathlon,fb14d0b1-4eae-e111-80ae-005056956277,11/1/2008,2008,
im-florida,b998aa20-f278-e111-b16a-005056956277,2009 IRONMAN Florida: Triathlon,7115d0b1-4eae-e111-80ae-005056956277,11/7/2009,2009,
im-florida,b998aa20-f278-e111-b16a-005056956277,2010 IRONMAN Florida: Triathlon,0d16d0b1-4eae-e111-80ae-005056956277,11/6/2010,2010,
im-florida,b998aa20-f278-e111-b16a-005056956277,2011 IRONMAN Florida: Triathlon,0917d0b1-4eae-e111-80ae-005056956277,11/5/2011,2011,
im-florida,b998aa20-f278-e111-b16a-005056956277,2012 IRONMAN Florida: Triathlon,1718d0b1-4eae-e111-80ae-005056956277,11/3/2012,2012,
im-florida,b998aa20-f278-e111-b16a-005056956277,2013 IRONMAN Florida: Triathlon,0b626994-3055-e211-b7a2-005056956277,11/2/2013,2013,
im-florida,b998aa20-f278-e111-b16a-005056956277,2014 IRONMAN Florida,314952b5-7a15-e311-9ec7-005056956277,11/1/2014,2014,
im-florida,b998aa20-f278-e111-b16a-005056956277,2015 IRONMAN Florida,4e2b2957-fa27-433d-8049-0651fe1f8cc4,11/7/2015,2015,
im-florida,b998aa20-f278-e111-b16a-005056956277,2016 IRONMAN Florida,c7fe0aab-6982-e511-9409-005056951bf1,11/5/2016,2016,
im-florida,b998aa20-f278-e111-b16a-005056956277,2017 IRONMAN Florida,609f5208-729c-e611-9410-005056951bf1,11/4/2017,2017,
im-florida,b998aa20-f278-e111-b16a-005056956277,2018 IRONMAN Florida,3d59d1a9-abc5-e711-941b-005056951bf1,11/4/2018,2018,
im-florida,b998aa20-f278-e111-b16a-005056956277,2019 IRONMAN Florida,5694d9df-c3e1-e811-a965-000d3a3749bc,11/2/2019,2019,
im-florida,b998aa20-f278-e111-b16a-005056956277,2020 IRONMAN Florida,4c54363c-c8fc-e911-a812-000d3a5a1477,11/7/2020,2020,
im-florida,b998aa20-f278-e111-b16a-005056956277,2021 IRONMAN Florida,d8df0b33-0809-4507-bcbc-611067a517ca,11/6/2021,2021,
im-florida,b998aa20-f278-e111-b16a-005056956277,2022 IRONMAN Florida,f1d7fbf8-7bd7-44cf-bd37-9492d1eddc1e,11/5/2022,2022,
im-florida,b998aa20-f278-e111-b16a-005056956277,2023 IRONMAN Florida,811402c9-91a1-4ebb-b102-e083a44876e7,11/4/2023,2023,
im-florida,b998aa20-f278-e111-b16a-005056956277,2024 IRONMAN Florida,af3f560c-494c-464d-9ed9-c0fbd05ef73b,11/2/2024,2024,
im-florida,b998aa20-f278-e111-b16a-005056956277,2025 IRONMAN Florida,83af8238-4ace-4d88-a3d3-0371f9b88294,11/1/2025,2025,
im-france,bb98aa20-f278-e111-b16a-005056956277,2005 IRONMAN France: Triathlon,1043f2b9-e155-e211-b7a2-005056956277,6/18/2005,2005,
im-france,bb98aa20-f278-e111-b16a-005056956277,2006 IRONMAN France: Triathlon,f2ab3dea-e155-e211-b7a2-005056956277,6/25/2006,2006,
im-france,bb98aa20-f278-e111-b16a-005056956277,2007 IRONMAN France: Triathlon,7f52d920-e255-e211-b7a2-005056956277,6/24/2007,2007,
im-france,bb98aa20-f278-e111-b16a-005056956277,2008 IRONMAN France: Triathlon,e937c14c-e255-e211-b7a2-005056956277,6/22/2008,2008,
im-france,bb98aa20-f278-e111-b16a-005056956277,2009 IRONMAN France: Triathlon,04fb1e83-e255-e211-b7a2-005056956277,6/28/2009,2009,
im-france,bb98aa20-f278-e111-b16a-005056956277,2010 IRONMAN France: Triathlon,23312dad-e255-e211-b7a2-005056956277,6/27/2010,2010,
im-france,bb98aa20-f278-e111-b16a-005056956277,2011 IRONMAN France: Triathlon,c516d0b1-4eae-e111-80ae-005056956277,6/26/2011,2011,
im-france,bb98aa20-f278-e111-b16a-005056956277,2012 IRONMAN France: Triathlon,dd17d0b1-4eae-e111-80ae-005056956277,6/24/2012,2012,
im-france,bb98aa20-f278-e111-b16a-005056956277,2013 IRONMAN France: Triathlon,e484d40d-a9c6-e111-a494-005056956277,6/23/2013,2013,
im-france,bb98aa20-f278-e111-b16a-005056956277,2014 IRONMAN France,284952b5-7a15-e311-9ec7-005056956277,6/29/2014,2014,
im-france,bb98aa20-f278-e111-b16a-005056956277,2015 IRONMAN France,c9927e7f-55d3-4d9b-b752-12ed6bab334d,6/28/2015,2015,
im-france,bb98aa20-f278-e111-b16a-005056956277,2016 IRONMAN France,686d74e1-e419-e511-9403-005056951bf1,6/5/2016,2016,
im-france,bb98aa20-f278-e111-b16a-005056956277,2017 IRONMAN France,10c94c69-cd29-e611-940e-005056951bf1,7/23/2017,2017,
im-france,bb98aa20-f278-e111-b16a-005056956277,2018 IRONMAN France,2762e142-1972-e711-9418-005056951bf1,6/24/2018,2018,
im-france,bb98aa20-f278-e111-b16a-005056956277,2019 IRONMAN France,3f7d3002-207a-e811-941f-005056951bf1,6/30/2019,2019,
im-france,bb98aa20-f278-e111-b16a-005056956277,2021 IRONMAN France Bike-Run,1c88a919-aea6-4982-be58-3dc64e646bfd,9/12/2021,2021,
im-france,bb98aa20-f278-e111-b16a-005056956277,2021 IRONMAN France,59b5f3e2-891e-4ef0-9d20-e301e7ad5edf,9/12/2021,2021,
im-france,bb98aa20-f278-e111-b16a-005056956277,2022 IRONMAN France,bbe1551d-7662-49e2-85b1-1e91c4477375,6/26/2022,2022,
im-france,bb98aa20-f278-e111-b16a-005056956277,2023 IRONMAN France,2ab0d9c7-defa-46a0-91b7-9f5e58c718cc,6/25/2023,2023,
im-france,bb98aa20-f278-e111-b16a-005056956277,2024 IRONMAN France Nice,66511861-b71e-44fd-8c65-cd282323354c,6/16/2024,2024,
im-france,bb98aa20-f278-e111-b16a-005056956277,2025 IRONMAN France Nice,f3a6cf4c-e9d5-4c6f-a425-86b3b8ba0524,6/29/2025,2025,
im-frankfurt,b798aa20-f278-e111-b16a-005056956277,2005 IRONMAN European Championship: Triathlon,e513d0b1-4eae-e111-80ae-005056956277,7/10/2005,2005,
im-frankfurt,b798aa20-f278-e111-b16a-005056956277,2009 IRONMAN European Championship: Triathlon,3115d0b1-4eae-e111-80ae-005056956277,4/5/2009,2009,
im-frankfurt,b798aa20-f278-e111-b16a-005056956277,2010 IRONMAN European Championship: Triathlon,cb15d0b1-4eae-e111-80ae-005056956277,7/4/2010,2010,
im-frankfurt,b798aa20-f278-e111-b16a-005056956277,2011 IRONMAN European Championship: Triathlon,9516d0b1-4eae-e111-80ae-005056956277,7/24/2011,2011,
im-frankfurt,b798aa20-f278-e111-b16a-005056956277,2012 IRONMAN European Championship: Triathlon,a917d0b1-4eae-e111-80ae-005056956277,7/8/2012,2012,
im-frankfurt,b798aa20-f278-e111-b16a-005056956277,2013 IRONMAN European Championship: Triathlon,d7318629-efb0-e111-80ae-005056956277,7/7/2013,2013,
im-frankfurt,b798aa20-f278-e111-b16a-005056956277,2014 IRONMAN European Championship,224952b5-7a15-e311-9ec7-005056956277,7/6/2014,2014,
im-frankfurt,b798aa20-f278-e111-b16a-005056956277,2015 IRONMAN European Championship Frankfurt,e9776336-1e37-46f3-b674-b15da2d3bf04,7/5/2015,2015,
im-frankfurt,b798aa20-f278-e111-b16a-005056956277,2016 IRONMAN European Championship Frankfurt,ea0f5d69-721e-e511-9403-005056951bf1,7/3/2016,2016,
im-frankfurt,b798aa20-f278-e111-b16a-005056956277,2017 IRONMAN European Championship Frankfurt,ec5e852a-403a-e611-940f-005056951bf1,7/9/2017,2017,
im-frankfurt,b798aa20-f278-e111-b16a-005056956277,2018 IRONMAN European Championship Frankfurt,eed3d75c-c961-e711-9418-005056951bf1,7/8/2018,2018,
im-frankfurt,b798aa20-f278-e111-b16a-005056956277,2019 IRONMAN European Championship Frankfurt,9201dd9a-e17a-e811-941f-005056951bf1,6/30/2019,2019,
im-frankfurt,b798aa20-f278-e111-b16a-005056956277,2021 IRONMAN European Championship Frankfurt,28d151b2-0f82-4945-b853-5de5b70c3fd1,8/15/2021,2021,
im-frankfurt,b798aa20-f278-e111-b16a-005056956277,2021 IRONMAN European Championship Frankfurt Bike-Run,8f81a700-0d55-4e0c-9abe-971643127514,8/15/2021,2021,
im-frankfurt,b798aa20-f278-e111-b16a-005056956277,2022 IRONMAN European Championship Frankfurt,11fe6921-4571-4e19-bdf7-9c482fd64f89,6/26/2022,2022,
im-frankfurt,b798aa20-f278-e111-b16a-005056956277,2023 IRONMAN Frankfurt,d1227cc7-9f5f-4175-bf31-f1dfb0fee93d,7/2/2023,2023,
im-frankfurt,b798aa20-f278-e111-b16a-005056956277,2024 IRONMAN Frankfurt,d3e4c293-9d14-4be0-9167-d9f6b886f26d,8/18/2024,2024,
im-frankfurt,b798aa20-f278-e111-b16a-005056956277,2025 IRONMAN Frankfurt,dcfae363-4480-4c9c-b8af-bbdeea0b00ef,6/29/2025,2025,
im-gurye,6e0f4c83-40d8-e611-9412-005056951bf1,2017 IRONMAN Gurye Korea,30c56958-41d8-e611-9412-005056951bf1,9/10/2017,2017,
im-gurye,6e0f4c83-40d8-e611-9412-005056951bf1,2018 IRONMAN Gurye Korea,bb2effd1-35bf-e711-941b-005056951bf1,9/9/2018,2018,
im-gurye,6e0f4c83-40d8-e611-9412-005056951bf1,2023 IRONMAN Gurye Korea,de9392dc-b470-4f63-a12c-20aeb7c1ae93,9/10/2023,2023,
im-gurye,6e0f4c83-40d8-e611-9412-005056951bf1,2024 IRONMAN Gurye Korea,7c14c361-ef3c-484b-952f-150212710101,9/29/2024,2024,
im-gurye,6e0f4c83-40d8-e611-9412-005056951bf1,2025 IRONMAN Gurye Korea,239e2810-77f5-4d66-a93c-dc59aed8c2a8,9/28/2025,2025,
im-hamburg,0ed71b3d-6974-e611-9410-005056951bf1,2017 IRONMAN Hamburg,b9ae5c93-6974-e611-9410-005056951bf1,8/13/2017,2017,
im-hamburg,0ed71b3d-6974-e611-9410-005056951bf1,2018 IRONMAN Hamburg,7ae98e84-f680-e711-9418-005056951bf1,7/29/2018,2018,
im-hamburg,0ed71b3d-6974-e611-9410-005056951bf1,2019 IRONMAN Hamburg,03b71de8-0795-e811-9421-005056951bf1,7/28/2019,2019,
im-hamburg,0ed71b3d-6974-e611-9410-005056951bf1,2021 IRONMAN Hamburg,47af6768-2329-48da-99d0-cd6808e82204,8/29/2021,2021,
im-hamburg,0ed71b3d-6974-e611-9410-005056951bf1,2021 IRONMAN Hamburg Bike-Run,e94cb6f3-35f4-42f1-ac9b-0f7300ff719a,8/29/2021,2021,
im-hamburg,0ed71b3d-6974-e611-9410-005056951bf1,2022 IRONMAN Hamburg,6d1bcb1f-2d6a-4d21-a16c-43c7cfd614ee,6/5/2022,2022,
im-hamburg,0ed71b3d-6974-e611-9410-005056951bf1,2023 IRONMAN Hamburg,b3efc195-b502-4fbf-bf5b-1dd031249e25,6/4/2023,2023,
im-hamburg,0ed71b3d-6974-e611-9410-005056951bf1,2024 IRONMAN Hamburg,7aeeee79-b2fc-4bbd-b723-cc1193bde63f,6/2/2024,2024,
im-hamburg,0ed71b3d-6974-e611-9410-005056951bf1,2025 IRONMAN Hamburg,b25a3825-7c68-4442-a4d2-ea887b2fb50e,6/1/2025,2025,
im-kalmar,bd98aa20-f278-e111-b16a-005056956277,2012 IRONMAN Kalmar-Sweden,8117d0b1-4eae-e111-80ae-005056956277,,2012,yes
im-kalmar,bd98aa20-f278-e111-b16a-005056956277,2013 IRONMAN Kalmar-Sweden,d2616994-3055-e211-b7a2-005056956277,,2013,yes
im-kalmar,bd98aa20-f278-e111-b16a-005056956277,2014 IRONMAN Kalmar-Sweden,e04852b5-7a15-e311-9ec7-005056956277,,2014,yes
im-kalmar,bd98aa20-f278-e111-b16a-005056956277,2015 IRONMAN Kalmar-Sweden,f44e9bf6-4593-46fb-9469-a6ed3aab5a84,,2015,yes
im-kalmar,bd98aa20-f278-e111-b16a-005056956277,2016 IRONMAN Kalmar-Sweden,ab4144c6-773f-e511-9409-005056951bf1,,2016,yes
im-kalmar,bd98aa20-f278-e111-b16a-005056956277,2017 IRONMAN Kalmar-Sweden,d3a67521-6f68-e611-940f-005056951bf1,,2017,yes
im-kalmar,bd98aa20-f278-e111-b16a-005056956277,2018 IRONMAN Kalmar-Sweden,77b45a74-3f87-e711-9419-005056951bf1,,2018,yes
im-kalmar,bd98aa20-f278-e111-b16a-005056956277,2019 IRONMAN Kalmar-Sweden,e0911607-66a5-e811-a966-000d3a37468c,,2019,yes
im-kalmar,bd98aa20-f278-e111-b16a-005056956277,2022 IRONMAN Kalmar-Sweden,8bdf6429-96d0-4873-a5bc-dd5e9fb1b09e,,2022,yes
im-kalmar,bd98aa20-f278-e111-b16a-005056956277,2023 IRONMAN Kalmar-Sweden DO-NOT-USE (see notes),e774b571-7a1b-4e6e-afb7-6721fa001b0e,,2023,yes
im-kalmar,bd98aa20-f278-e111-b16a-005056956277,2024 IRONMAN Kalmar-Sweden,9ca4223e-fee3-4583-a796-4f360a13cfc4,,2024,yes
im-kalmar,bd98aa20-f278-e111-b16a-005056956277,2025 IRONMAN Kalmar-Sweden,b5c5197c-0040-425d-93f7-fa5d0c4edf8e,,2025,yes
im-lake-placid,c398aa20-f278-e111-b16a-005056956277,2003 IRONMAN Lake Placid: Triathlon,7113d0b1-4eae-e111-80ae-005056956277,7/27/2003,2003,
im-lake-placid,c398aa20-f278-e111-b16a-005056956277,2004 IRONMAN Lake Placid: Triathlon,a713d0b1-4eae-e111-80ae-005056956277,7/25/2004,2004,
im-lake-placid,c398aa20-f278-e111-b16a-005056956277,2005 IRONMAN Lake Placid: Triathlon,e713d0b1-4eae-e111-80ae-005056956277,7/24/2005,2005,
im-lake-placid,c398aa20-f278-e111-b16a-005056956277,2006 IRONMAN Lake Placid: Triathlon,3714d0b1-4eae-e111-80ae-005056956277,7/23/2006,2006,
im-lake-placid,c398aa20-f278-e111-b16a-005056956277,2007 IRONMAN Lake Placid: Triathlon,8114d0b1-4eae-e111-80ae-005056956277,7/22/2007,2007,
im-lake-placid,c398aa20-f278-e111-b16a-005056956277,2008 IRONMAN Lake Placid: Triathlon,d314d0b1-4eae-e111-80ae-005056956277,7/20/2008,2008,
im-lake-placid,c398aa20-f278-e111-b16a-005056956277,2009 IRONMAN Lake Placid: Triathlon,4515d0b1-4eae-e111-80ae-005056956277,7/26/2009,2009,
im-lake-placid,c398aa20-f278-e111-b16a-005056956277,2010 IRONMAN Lake Placid: Triathlon,cd15d0b1-4eae-e111-80ae-005056956277,7/25/2010,2010,
im-lake-placid,c398aa20-f278-e111-b16a-005056956277,2011 IRONMAN Lake Placid: Triathlon,9916d0b1-4eae-e111-80ae-005056956277,7/24/2011,2011,
im-lake-placid,c398aa20-f278-e111-b16a-005056956277,2012 IRONMAN Lake Placid: Triathlon,ab17d0b1-4eae-e111-80ae-005056956277,7/22/2012,2012,
im-lake-placid,c398aa20-f278-e111-b16a-005056956277,2013 IRONMAN Lake Placid: Triathlon,e66a5b7d-a2dd-e111-aa75-005056956277,7/28/2013,2013,
im-lake-placid,c398aa20-f278-e111-b16a-005056956277,2014 IRONMAN Lake Placid,0b5d18a5-23f9-e211-9ec7-005056956277,7/27/2014,2014,
im-lake-placid,c398aa20-f278-e111-b16a-005056956277,2015 IRONMAN Lake Placid,bbcdec1d-6c6a-427b-b417-b8eacb0c2fdf,7/26/2015,2015,
im-lake-placid,c398aa20-f278-e111-b16a-005056956277,2016 IRONMAN Lake Placid,e080030e-2032-e511-9403-005056951bf1,7/24/2016,2016,
im-lake-placid,c398aa20-f278-e111-b16a-005056956277,2017 IRONMAN Lake Placid,3237cc70-864f-e611-940f-005056951bf1,7/23/2017,2017,
im-lake-placid,c398aa20-f278-e111-b16a-005056956277,2018 IRONMAN Lake Placid,1a8af6a6-1072-e711-9418-005056951bf1,7/22/2018,2018,
im-lake-placid,c398aa20-f278-e111-b16a-005056956277,2019 IRONMAN Lake Placid,91c95c43-db91-e811-941f-005056951bf1,7/28/2019,2019,
im-lake-placid,c398aa20-f278-e111-b16a-005056956277,2021 IRONMAN Lake Placid,a0f9d06a-82a5-4a5e-915b-f2689a03447e,7/25/2021,2021,
im-lake-placid,c398aa20-f278-e111-b16a-005056956277,2022 IRONMAN Lake Placid,a008904e-57a7-4da8-a7e9-d7da56635040,7/24/2022,2022,
im-lake-placid,c398aa20-f278-e111-b16a-005056956277,2023 IRONMAN Lake Placid,757a8a81-51f7-4c0c-a7f7-d240e8271a73,7/23/2023,2023,
im-lake-placid,c398aa20-f278-e111-b16a-005056956277,2024 IRONMAN Lake Placid,708d7255-c4fa-4ed2-96a4-5a350f1dacb0,7/21/2024,2024,
im-lake-placid,c398aa20-f278-e111-b16a-005056956277,2025 IRONMAN Lake Placid,b22a23ca-da28-464a-9dbe-89d86510c4ab,7/20/2025,2025,
im-lanzarote,c598aa20-f278-e111-b16a-005056956277,2011 IRONMAN Lanzarote: Triathlon,ed16d0b1-4eae-e111-80ae-005056956277,5/21/2011,2011,
im-lanzarote,c598aa20-f278-e111-b16a-005056956277,2012 IRONMAN Lanzarote: Triathlon,0918d0b1-4eae-e111-80ae-005056956277,5/19/2012,2012,
im-lanzarote,c598aa20-f278-e111-b16a-005056956277,2013 IRONMAN Lanzarote: Triathlon,068d4228-f0b0-e111-80ae-005056956277,5/18/2013,2013,
im-lanzarote,c598aa20-f278-e111-b16a-005056956277,2014 IRONMAN Lanzarote,2c4952b5-7a15-e311-9ec7-005056956277,5/17/2014,2014,
im-lanzarote,c598aa20-f278-e111-b16a-005056956277,2015 IRONMAN Lanzarote,6b1d9e07-b9b6-4e55-b555-0806602f6389,5/23/2015,2015,
im-lanzarote,c598aa20-f278-e111-b16a-005056956277,2016 IRONMAN Lanzarote,5b4b4313-4505-e511-9401-005056951bf1,5/21/2016,2016,
im-lanzarote,c598aa20-f278-e111-b16a-005056956277,2017 IRONMAN Lanzarote,0c4ca2b0-c021-e611-940e-005056951bf1,5/20/2017,2017,
im-lanzarote,c598aa20-f278-e111-b16a-005056956277,2018 IRONMAN Lanzarote,777094c8-1c76-e711-9418-005056951bf1,5/26/2018,2018,
im-lanzarote,c598aa20-f278-e111-b16a-005056956277,2019 IRONMAN Lanzarote,b913a822-3764-e811-941e-005056951bf1,5/25/2019,2019,
im-lanzarote,c598aa20-f278-e111-b16a-005056956277,2021 IRONMAN Lanzarote,c73a0924-d713-4926-aecf-91911f350ccf,7/3/2021,2021,
im-lanzarote,c598aa20-f278-e111-b16a-005056956277,2022 IRONMAN Lanzarote,ea0a1444-5c00-46b1-9e42-cdcbcff93030,5/21/2022,2022,
im-lanzarote,c598aa20-f278-e111-b16a-005056956277,2023 IRONMAN Lanzarote,98eb36dd-6a46-4a80-92ac-2b599b57516e,5/20/2023,2023,
im-lanzarote,c598aa20-f278-e111-b16a-005056956277,2024 IRONMAN Lanzarote,182022fd-4f7a-41b1-a636-b3d6da402ec3,5/18/2024,2024,
im-lanzarote,c598aa20-f278-e111-b16a-005056956277,2025 IRONMAN Lanzarote,15de8d69-e94d-4fff-b456-97da49f8d00d,5/17/2025,2025,
im-leeds,ab1297a2-42d5-4b6f-b408-23ae319f5a31,2025 IRONMAN Leeds,ca01846e-727d-4ff9-b390-f91750ce3c16,7/27/2025,2025,
im-maryland,52f9c915-31ca-e311-b5f4-005056956277,2014 IRONMAN Maryland,6dff6f3f-31ca-e311-b5f4-005056956277,9/20/2014,2014,
im-maryland,52f9c915-31ca-e311-b5f4-005056956277,2015 IRONMAN Maryland,ff5a8189-aaf2-4fc7-889c-62ea894905f9,10/17/2015,2015,
im-maryland,52f9c915-31ca-e311-b5f4-005056956277,2016 IRONMAN Maryland,26e3f625-3b77-e511-9409-005056951bf1,10/1/2016,2016,
im-maryland,52f9c915-31ca-e311-b5f4-005056956277,2017 IRONMAN Maryland,9f644906-a889-e611-9410-005056951bf1,10/7/2017,2017,
im-maryland,52f9c915-31ca-e311-b5f4-005056956277,2018 IRONMAN Maryland,9ba75f9b-f6ac-e711-9419-005056951bf1,9/29/2018,2018,
im-maryland,52f9c915-31ca-e311-b5f4-005056956277,2019 IRONMAN Maryland,96950619-4ac6-e811-a96a-000d3a35f53a,9/28/2019,2019,
im-maryland,52f9c915-31ca-e311-b5f4-005056956277,2021 IRONMAN Maryland,525754c0-dae5-4e6c-ac4f-0f034a9b1719,9/18/2021,2021,
im-maryland,52f9c915-31ca-e311-b5f4-005056956277,2022 IRONMAN Maryland,59b45753-2b07-4b24-a32e-2f72b7c47023,9/17/2022,2022,
im-maryland,52f9c915-31ca-e311-b5f4-005056956277,2023 IRONMAN Maryland,4a35d978-53d0-4897-b718-ce8299b53a92,9/16/2023,2023,
im-maryland,52f9c915-31ca-e311-b5f4-005056956277,2024 IRONMAN Maryland,d4fd21c6-c504-42fa-b9a6-bfa3e66231bb,9/21/2024,2024,
im-maryland,52f9c915-31ca-e311-b5f4-005056956277,2025 IRONMAN Maryland,bc4f3a18-945f-493b-a363-9e993a41636d,9/20/2025,2025,
im-new-zealand,cd98aa20-f278-e111-b16a-005056956277,2003 IRONMAN New Zealand: Triathlon,7b13d0b1-4eae-e111-80ae-005056956277,3/1/2003,2003,
im-new-zealand,cd98aa20-f278-e111-b16a-005056956277,2004 IRONMAN New Zealand: Triathlon,af13d0b1-4eae-e111-80ae-005056956277,3/6/2004,2004,
im-new-zealand,cd98aa20-f278-e111-b16a-005056956277,2005 IRONMAN New Zealand: Triathlon,f113d0b1-4eae-e111-80ae-005056956277,3/5/2005,2005,
im-new-zealand,cd98aa20-f278-e111-b16a-005056956277,2006 IRONMAN New Zealand: Triathlon,4114d0b1-4eae-e111-80ae-005056956277,3/4/2006,2006,
im-new-zealand,cd98aa20-f278-e111-b16a-005056956277,2007 IRONMAN New Zealand: Triathlon,9514d0b1-4eae-e111-80ae-005056956277,3/3/2007,2007,
im-new-zealand,cd98aa20-f278-e111-b16a-005056956277,2008 IRONMAN New Zealand: Triathlon,e914d0b1-4eae-e111-80ae-005056956277,3/1/2008,2008,
im-new-zealand,cd98aa20-f278-e111-b16a-005056956277,2009 IRONMAN New Zealand: Triathlon,5915d0b1-4eae-e111-80ae-005056956277,3/7/2009,2009,
im-new-zealand,cd98aa20-f278-e111-b16a-005056956277,2010 IRONMAN New Zealand: Triathlon,f315d0b1-4eae-e111-80ae-005056956277,3/6/2010,2010,
im-new-zealand,cd98aa20-f278-e111-b16a-005056956277,2011 IRONMAN New Zealand: Triathlon,cd16d0b1-4eae-e111-80ae-005056956277,3/5/2011,2011,
im-new-zealand,cd98aa20-f278-e111-b16a-005056956277,2012 IRONMAN New Zealand: Triathlon,eb17d0b1-4eae-e111-80ae-005056956277,3/4/2012,2012,
im-new-zealand,cd98aa20-f278-e111-b16a-005056956277,2013 IRONMAN New Zealand: Triathlon,03652c5c-eeb0-e111-80ae-005056956277,3/2/2013,2013,
im-new-zealand,cd98aa20-f278-e111-b16a-005056956277,2014 IRONMAN New Zealand,3961d2c6-ac8d-e211-870b-005056956277,3/1/2014,2014,
im-new-zealand,cd98aa20-f278-e111-b16a-005056956277,2015 IRONMAN New Zealand,b2c0d0f3-b763-4597-9ea3-5d265135e677,3/7/2015,2015,
im-new-zealand,cd98aa20-f278-e111-b16a-005056956277,2016 IRONMAN New Zealand,e48177e0-aacc-e411-9400-005056951bf1,3/5/2016,2016,
im-new-zealand,cd98aa20-f278-e111-b16a-005056956277,2017 IRONMAN New Zealand,ad53b195-b2e4-e511-940c-005056951bf1,3/4/2017,2017,
im-new-zealand,cd98aa20-f278-e111-b16a-005056956277,2018 IRONMAN New Zealand,6cb68714-7302-e711-9414-005056951bf1,3/3/2018,2018,
im-new-zealand,cd98aa20-f278-e111-b16a-005056956277,2019 IRONMAN New Zealand,033e4941-e422-e811-941d-005056951bf1,3/2/2019,2019,
im-new-zealand,cd98aa20-f278-e111-b16a-005056956277,2020 IRONMAN New Zealand,2a72b2c4-a93e-e911-a974-000d3a36478d,3/7/2020,2020,
im-new-zealand,cd98aa20-f278-e111-b16a-005056956277,2021 IRONMAN New Zealand,9e7b4fd9-0f63-ea11-a811-000d3a5a1cf8,3/27/2021,2021,
im-new-zealand,cd98aa20-f278-e111-b16a-005056956277,2022 IRONMAN New Zealand,a7aba575-dd4a-45c5-a8e4-098eac0e76e3,12/10/2022,2022,
im-new-zealand,cd98aa20-f278-e111-b16a-005056956277,2023 IRONMAN New Zealand,ab9f0371-c93f-4256-b734-eae3c3f45bb2,3/4/2023,2023,
im-new-zealand,cd98aa20-f278-e111-b16a-005056956277,2024 IRONMAN New Zealand,67909b3a-7a84-44ef-b5ab-93421f226dab,3/2/2024,2024,
im-new-zealand,cd98aa20-f278-e111-b16a-005056956277,2025 IRONMAN New Zealand,d4e4d695-184e-40fe-9e1d-ceb121e60667,3/1/2025,2025,
im-new-zealand,cd98aa20-f278-e111-b16a-005056956277,2026 IRONMAN New Zealand,d7a58ffe-52bb-47a3-bc71-8c243ea143ec,3/7/2026,2026,
im-philippines,d4969272-cc61-e711-9418-005056951bf1,2018 IRONMAN Subic Bay Philippines,1fbbeca2-cc61-e711-9418-005056951bf1,6/3/2018,2018,
im-philippines,d4969272-cc61-e711-9418-005056951bf1,2022 IRONMAN Subic Bay Philippines,04eb02e6-a2eb-4742-aa01-a581abf681c4,3/6/2022,2022,
im-philippines,d4969272-cc61-e711-9418-005056951bf1,2023 IRONMAN Subic Bay Philippines,bab06c4e-be0a-41f9-ae29-c678f5df76f0,6/11/2023,2023,
im-philippines,d4969272-cc61-e711-9418-005056951bf1,2024 IRONMAN Subic Bay Philippines,e7078833-412e-45c1-a964-14ee7a5d97eb,6/9/2024,2024,
im-south-africa,60accc34-83fe-e111-aa75-005056956277,2012 IRONMAN South Africa: Triathlon,72b7736d-83fe-e111-aa75-005056956277,4/22/2012,2012,
im-south-africa,60accc34-83fe-e111-aa75-005056956277,2013 IRONMAN South Africa: Triathlon,4ec71a92-83fe-e111-aa75-005056956277,4/14/2013,2013,
im-south-africa,60accc34-83fe-e111-aa75-005056956277,2014 IRONMAN South Africa,294952b5-7a15-e311-9ec7-005056956277,4/6/2014,2014,
im-south-africa,60accc34-83fe-e111-aa75-005056956277,2015 IRONMAN South Africa,3281fd14-0dc9-42f4-b1cd-32b91e20f895,3/29/2015,2015,
im-south-africa,60accc34-83fe-e111-aa75-005056956277,2016 IRONMAN African Championship South Africa,851e7357-3840-e511-9409-005056951bf1,4/10/2016,2016,
im-south-africa,60accc34-83fe-e111-aa75-005056956277,2017 IRONMAN African Championship South Africa,4bb2e465-3348-e611-940f-005056951bf1,4/2/2017,2017,
im-south-africa,60accc34-83fe-e111-aa75-005056956277,2018 IRONMAN South Africa,03194d68-0831-e711-9415-005056951bf1,4/15/2018,2018,
im-south-africa,60accc34-83fe-e111-aa75-005056956277,2019 IRONMAN African Championship South Africa,ac3dcc5f-c047-e811-941e-005056951bf1,4/7/2019,2019,
im-south-africa,60accc34-83fe-e111-aa75-005056956277,2021 IRONMAN African Championship South Africa Pro,00065035-2bf6-4415-b7a6-147762f5c5c0,11/21/2021,2021,
im-south-africa,60accc34-83fe-e111-aa75-005056956277,2021 IRONMAN African Championship South Africa,59c39bb9-bd17-4ca4-9c29-bc5bc28d9bf0,11/21/2021,2021,
im-south-africa,60accc34-83fe-e111-aa75-005056956277,2021 IRONMAN African Championship South Africa Bike-Run,a63fba80-1049-41b2-b7b2-4f501cda2243,11/21/2021,2021,
im-south-africa,60accc34-83fe-e111-aa75-005056956277,2022 IRONMAN African Championship South Africa Pro,4f02b06b-4527-469b-8865-795a59484b39,4/3/2022,2022,
im-south-africa,60accc34-83fe-e111-aa75-005056956277,2022 IRONMAN African Championship South Africa,8ae1cab8-14cd-4682-a24d-f10c0716d5f0,4/3/2022,2022,
im-south-africa,60accc34-83fe-e111-aa75-005056956277,2023 IRONMAN African Championship South Africa,699d30d3-fc40-47b6-b0cd-f2b66bc688ae,3/5/2023,2023,
im-south-africa,60accc34-83fe-e111-aa75-005056956277,2024 IRONMAN South Africa,fd87009d-506c-40f6-bf1e-6d8b94d34d3b,4/21/2024,2024,
im-south-africa,60accc34-83fe-e111-aa75-005056956277,2025 IRONMAN South Africa,2483e5e8-6b36-4786-b568-784fcb1a6f6b,3/30/2025,2025,
im-switzerland,d90fba34-21ae-e911-a986-000d3a364086,2021 IRONMAN Switzerland Thun Bike-Run,2e4695ea-0b27-4db9-a2e5-39563378e819,9/5/2021,2021,
im-switzerland,d90fba34-21ae-e911-a986-000d3a364086,2021 IRONMAN Switzerland Thun,d1921b2b-d5dc-4057-9887-e296c114d0ee,9/5/2021,2021,
im-switzerland,d90fba34-21ae-e911-a986-000d3a364086,2022 IRONMAN Switzerland Thun,ee41f426-f8ac-42a3-8c0c-4fd3f9fdd20b,7/10/2022,2022,
im-switzerland,d90fba34-21ae-e911-a986-000d3a364086,2023 IRONMAN Switzerland Thun,89d248a9-cc2e-4d96-8949-d8526f500995,7/9/2023,2023,
im-switzerland,d90fba34-21ae-e911-a986-000d3a364086,2024 IRONMAN Switzerland Thun,c446d5ec-661d-4d03-9e9c-08c821027476,7/7/2024,2024,
im-switzerland,d90fba34-21ae-e911-a986-000d3a364086,2025 IRONMAN Switzerland Thun,e9345d08-ebd3-481d-948f-2cb3b9833189,8/24/2025,2025,
im-taiwan,8b4e50b2-04b2-e411-9400-005056951bf1,2015 IRONMAN Taiwan,aa91f144-00be-e411-9400-005056951bf1,4/12/2015,2015,
im-taiwan,8b4e50b2-04b2-e411-9400-005056951bf1,2016 5150 Penghu,3424bad7-9ad3-e511-940c-005056951bf1,10/1/2016,2016,
im-taiwan,8b4e50b2-04b2-e411-9400-005056951bf1,2016 IRONMAN Taiwan,d3322025-1b69-e511-9409-005056951bf1,10/2/2016,2016,
im-taiwan,8b4e50b2-04b2-e411-9400-005056951bf1,2017 IRONMAN Taiwan,920cd001-b3b8-e611-9410-005056951bf1,10/1/2017,2017,
im-taiwan,8b4e50b2-04b2-e411-9400-005056951bf1,2018 IRONMAN Taiwan,49e1b215-55bb-e711-941b-005056951bf1,10/7/2018,2018,
im-taiwan,8b4e50b2-04b2-e411-9400-005056951bf1,2019 IRONMAN Taiwan,13c8ff3b-5f3b-e911-a96d-000d3a3740b7,9/29/2019,2019,
im-taiwan,8b4e50b2-04b2-e411-9400-005056951bf1,2022 IRONMAN Taiwan,beabccdf-abc9-47b8-82b7-013c97028cb2,4/10/2022,2022,
im-taiwan,8b4e50b2-04b2-e411-9400-005056951bf1,2025 IRONMAN Taiwan,d2dcda47-067d-463d-8fe0-bb002c1fc1bc,4/13/2025,2025,
im-tallinn,37760ed4-c881-e711-9418-005056951bf1,2018 IRONMAN Tallinn,c59ea32a-cc81-e711-9418-005056951bf1,8/4/2018,2018,
im-tallinn,37760ed4-c881-e711-9418-005056951bf1,2019 IRONMAN Tallinn,1f9febc7-6bb0-e811-a967-000d3a37468c,8/3/2019,2019,
im-tallinn,37760ed4-c881-e711-9418-005056951bf1,2020 IRONMAN Tallinn,bb559164-3cb9-e911-a986-000d3a364086,9/5/2020,2020,
im-tallinn,37760ed4-c881-e711-9418-005056951bf1,2021 IRONMAN Tallinn Bike-Run,84cc68bb-e773-41a8-8c86-9d0b31860d91,8/7/2021,2021,
im-tallinn,37760ed4-c881-e711-9418-005056951bf1,2021 IRONMAN Tallinn,d566b15d-abcd-4da0-aef1-b8731b681f20,8/7/2021,2021,
im-tallinn,37760ed4-c881-e711-9418-005056951bf1,2022 IRONMAN Tallinn,2b470647-9e78-405e-9239-0861de2e3f89,8/6/2022,2022,
im-tallinn,37760ed4-c881-e711-9418-005056951bf1,2023 IRONMAN Tallinn,73365334-0bf8-41a4-8b3a-b8bf1fe263cf,8/5/2023,2023,
im-tallinn,37760ed4-c881-e711-9418-005056951bf1,2024 IRONMAN Tallinn,7750ad1d-779f-4d25-8948-a6df22122bab,8/24/2024,2024,
im-tallinn,37760ed4-c881-e711-9418-005056951bf1,2025 IRONMAN Tallinn,65a18272-8dae-466a-bbf7-99a1c9b79183,8/23/2025,2025,
im-texas,d998aa20-f278-e111-b16a-005056956277,2011 IRONMAN Texas: Triathlon,f316d0b1-4eae-e111-80ae-005056956277,5/21/2011,2011,
im-texas,d998aa20-f278-e111-b16a-005056956277,2012 IRONMAN Texas: Triathlon,0d18d0b1-4eae-e111-80ae-005056956277,5/19/2012,2012,
im-texas,d998aa20-f278-e111-b16a-005056956277,2013 IRONMAN Texas: Triathlon,16e13215-a0dd-e111-aa75-005056956277,5/18/2013,2013,
im-texas,d998aa20-f278-e111-b16a-005056956277,2014 IRONMAN Texas,2d4952b5-7a15-e311-9ec7-005056956277,5/17/2014,2014,
im-texas,d998aa20-f278-e111-b16a-005056956277,2015 IRONMAN Texas,ba4b07f1-27ec-e311-b4c2-005056956277,5/16/2015,2015,
im-texas,d998aa20-f278-e111-b16a-005056956277,2016 IRONMAN North American Championship Texas,ab5760d0-d8f8-e411-9401-005056951bf1,5/14/2016,2016,
im-texas,d998aa20-f278-e111-b16a-005056956277,2017 IRONMAN North American Championship Texas,620ca3e1-1950-e611-940f-005056951bf1,4/22/2017,2017,
im-texas,d998aa20-f278-e111-b16a-005056956277,2018 IRONMAN North American Championship Texas,7f57d401-9352-e711-9418-005056951bf1,4/28/2018,2018,
im-texas,d998aa20-f278-e111-b16a-005056956277,2019 IRONMAN North American Championship Texas,e41a9f82-c989-e811-941f-005056951bf1,4/27/2019,2019,
im-texas,d998aa20-f278-e111-b16a-005056956277,2021 IRONMAN Texas,37a255ce-58a5-4f54-a47d-d6ee047ba487,10/9/2021,2021,
im-texas,d998aa20-f278-e111-b16a-005056956277,2022 IRONMAN Texas,5a04e184-d243-4bcc-bc91-bd974505e80f,4/23/2022,2022,
im-texas,d998aa20-f278-e111-b16a-005056956277,2023 IRONMAN Texas,33c67f48-ba3c-472c-b696-2d8cad67b46e,4/22/2023,2023,
im-texas,d998aa20-f278-e111-b16a-005056956277,2024 IRONMAN Texas,86a0e55c-989f-4d25-bfff-cfb49e044797,4/27/2024,2024,
im-texas,d998aa20-f278-e111-b16a-005056956277,2025 IRONMAN Texas,0a34c991-b758-4d40-bf60-d6138ed86336,4/26/2025,2025,
im-vichy,17972a3a-75a5-e411-9400-005056951bf1,2015 IRONMAN Vichy,0ad14456-76a5-e411-9400-005056951bf1,8/30/2015,2015,
im-vichy,17972a3a-75a5-e411-9400-005056951bf1,2016 IRONMAN Vichy,1647c649-f54f-e511-9409-005056951bf1,8/28/2016,2016,
im-vichy,17972a3a-75a5-e411-9400-005056951bf1,2017 IRONMAN Vichy,49df2a80-bb6b-e611-940f-005056951bf1,8/27/2017,2017,
im-vichy,17972a3a-75a5-e411-9400-005056951bf1,2018 IRONMAN Vichy,570945c8-d893-e711-9419-005056951bf1,8/26/2018,2018,
im-vichy,17972a3a-75a5-e411-9400-005056951bf1,2019 IRONMAN Vichy,cbc9793b-c1aa-e811-a961-000d3a3740b7,8/25/2019,2019,
im-vichy,17972a3a-75a5-e411-9400-005056951bf1,2021 IRONMAN Vichy,b875ce5c-6880-4577-ba6a-1dafc2fdd371,8/22/2021,2021,
im-vichy,17972a3a-75a5-e411-9400-005056951bf1,2021 IRONMAN Vichy Bike-Run,bef1552a-8db5-42da-9473-96bc78895bbb,8/22/2021,2021,
im-vichy,17972a3a-75a5-e411-9400-005056951bf1,2022 IRONMAN Vichy,ec84450a-49f0-47a7-9f23-52370d58ec19,8/21/2022,2022,
im-vichy,17972a3a-75a5-e411-9400-005056951bf1,2023 IRONMAN Vichy,9cfd25be-4ea6-4269-b56b-9119e6f54ad2,8/20/2023,2023,
im-wales,df98aa20-f278-e111-b16a-005056956277,2012 IRONMAN Wales: Triathlon,3f18d0b1-4eae-e111-80ae-005056956277,9/16/2012,2012,
im-wales,df98aa20-f278-e111-b16a-005056956277,2013 IRONMAN Wales: Triathlon,1c626994-3055-e211-b7a2-005056956277,9/8/2013,2013,
im-wales,df98aa20-f278-e111-b16a-005056956277,2014 IRONMAN Wales,344952b5-7a15-e311-9ec7-005056956277,9/14/2014,2014,
im-wales,df98aa20-f278-e111-b16a-005056956277,2015 IRONMAN Wales,919ee335-beb4-48de-a09a-2d712921c4d1,9/13/2015,2015,
im-wales,df98aa20-f278-e111-b16a-005056956277,2016 IRONMAN Wales,c400e83d-fd4f-e511-9409-005056951bf1,9/18/2016,2016,
im-wales,df98aa20-f278-e111-b16a-005056956277,2017 IRONMAN Wales,89017df1-a77e-e611-9410-005056951bf1,9/10/2017,2017,
im-wales,df98aa20-f278-e111-b16a-005056956277,2018 IRONMAN Wales,9c1ad20a-5c99-e711-9419-005056951bf1,9/9/2018,2018,
im-wales,df98aa20-f278-e111-b16a-005056956277,2019 IRONMAN Wales,800d63c0-f5b4-e811-a964-000d3a36478d,9/15/2019,2019,
im-wales,df98aa20-f278-e111-b16a-005056956277,2022 IRONMAN Wales,bc03fa33-f1fc-4f3d-a126-19ef088bf407,9/11/2022,2022,
im-wales,df98aa20-f278-e111-b16a-005056956277,2023 IRONMAN Wales,6efe6715-269e-491c-99a0-f86817a4d2b9,9/3/2023,2023,
im-wales,df98aa20-f278-e111-b16a-005056956277,2024 IRONMAN Wales,cf78e723-848d-4d18-be36-1a83174549af,9/22/2024,2024,
im-wales,df98aa20-f278-e111-b16a-005056956277,2025 IRONMAN Wales,2a497ecb-1f5e-49b0-ad8e-f44dfd891922,9/21/2025,2025,
im-western-australia,e198aa20-f278-e111-b16a-005056956277,2010 IRONMAN Western Australia: Triathlon,b515d0b1-4eae-e111-80ae-005056956277,12/5/2010,2010,
im-western-australia,e198aa20-f278-e111-b16a-005056956277,2011 IRONMAN Western Australia: Triathlon,7316d0b1-4eae-e111-80ae-005056956277,12/4/2011,2011,
im-western-australia,e198aa20-f278-e111-b16a-005056956277,2012 IRONMAN Western Australia: Triathlon,8b17d0b1-4eae-e111-80ae-005056956277,12/9/2012,2012,
im-western-australia,e198aa20-f278-e111-b16a-005056956277,2013 IRONMAN Western Australia: Triathlon,d7616994-3055-e211-b7a2-005056956277,12/8/2013,2013,
im-western-australia,e198aa20-f278-e111-b16a-005056956277,2014 IRONMAN Western Australia,e34852b5-7a15-e311-9ec7-005056956277,12/7/2014,2014,
im-western-australia,e198aa20-f278-e111-b16a-005056956277,2015 IRONMAN Western Australia,3587f493-fcd3-4821-9ab2-3fd07cf89474,12/6/2015,2015,
im-western-australia,e198aa20-f278-e111-b16a-005056956277,2016 IRONMAN Western Australia,c0f70609-b89d-e511-9409-005056951bf1,12/4/2016,2016,
im-western-australia,e198aa20-f278-e111-b16a-005056956277,2017 IRONMAN Western Australia,f3c3bdcf-1fbb-e611-9410-005056951bf1,12/3/2017,2017,
im-western-australia,e198aa20-f278-e111-b16a-005056956277,2018 IRONMAN Western Australia,f9315f40-edd8-e711-941b-005056951bf1,12/2/2018,2018,
im-western-australia,e198aa20-f278-e111-b16a-005056956277,2019 IRONMAN Western Australia,9a200e74-1af7-e811-a96d-000d3a35f53a,12/1/2019,2019,
im-western-australia,e198aa20-f278-e111-b16a-005056956277,2021 IRONMAN Western Australia,839d6ce7-327b-4128-bf72-3b4f004edaa5,12/5/2021,2021,
im-western-australia,e198aa20-f278-e111-b16a-005056956277,2022 IRONMAN Western Australia,501567c3-d796-4ba2-9199-1e266ba825bb,12/4/2022,2022,
im-western-australia,e198aa20-f278-e111-b16a-005056956277,2023 IRONMAN Western Australia,35f37646-0d2a-420e-ad2f-90af2eab15db,12/3/2023,2023,
im-western-australia,e198aa20-f278-e111-b16a-005056956277,2024 IRONMAN Western Australia,26882d26-e3f5-43df-a7db-f86e4a3bff48,12/1/2024,2024,
im-western-australia,e198aa20-f278-e111-b16a-005056956277,2025 IRONMAN Western Australia,ebf0455f-5fb1-4e4d-9c8b-38275f53e1e2,12/7/2025,2025,
im-wisconsin,e598aa20-f278-e111-b16a-005056956277,2002 IRONMAN Wisconsin: Triathlon,6113d0b1-4eae-e111-80ae-005056956277,9/15/2002,2002,
im-wisconsin,e598aa20-f278-e111-b16a-005056956277,2003 IRONMAN Wisconsin: Triathlon,8f13d0b1-4eae-e111-80ae-005056956277,9/7/2003,2003,
im-wisconsin,e598aa20-f278-e111-b16a-005056956277,2004 IRONMAN Wisconsin: Triathlon,cd13d0b1-4eae-e111-80ae-005056956277,9/12/2004,2004,
im-wisconsin,e598aa20-f278-e111-b16a-005056956277,2005 IRONMAN Wisconsin: Triathlon,1314d0b1-4eae-e111-80ae-005056956277,9/11/2005,2005,
im-wisconsin,e598aa20-f278-e111-b16a-005056956277,2006 IRONMAN Wisconsin: Triathlon,5f14d0b1-4eae-e111-80ae-005056956277,9/10/2006,2006,
im-wisconsin,e598aa20-f278-e111-b16a-005056956277,2007 IRONMAN Wisconsin: Triathlon,b314d0b1-4eae-e111-80ae-005056956277,9/9/2007,2007,
im-wisconsin,e598aa20-f278-e111-b16a-005056956277,2008 IRONMAN Wisconsin: Triathlon,0b15d0b1-4eae-e111-80ae-005056956277,9/7/2008,2008,
im-wisconsin,e598aa20-f278-e111-b16a-005056956277,2009 IRONMAN Wisconsin: Triathlon,8d15d0b1-4eae-e111-80ae-005056956277,9/13/2009,2009,
im-wisconsin,e598aa20-f278-e111-b16a-005056956277,2010 IRONMAN Wisconsin: Triathlon,3116d0b1-4eae-e111-80ae-005056956277,9/12/2010,2010,
im-wisconsin,e598aa20-f278-e111-b16a-005056956277,2011 IRONMAN Wisconsin: Triathlon,5517d0b1-4eae-e111-80ae-005056956277,9/11/2011,2011,
im-wisconsin,e598aa20-f278-e111-b16a-005056956277,2012 IRONMAN Wisconsin: Triathlon,4118d0b1-4eae-e111-80ae-005056956277,9/9/2012,2012,
im-wisconsin,e598aa20-f278-e111-b16a-005056956277,2013 IRONMAN Wisconsin: Triathlon,1d626994-3055-e211-b7a2-005056956277,9/8/2013,2013,
im-wisconsin,e598aa20-f278-e111-b16a-005056956277,2014 IRONMAN Wisconsin,354952b5-7a15-e311-9ec7-005056956277,9/7/2014,2014,
im-wisconsin,e598aa20-f278-e111-b16a-005056956277,2015 IRONMAN Wisconsin,026a115e-8689-43d3-af57-566691d53987,9/13/2015,2015,
im-wisconsin,e598aa20-f278-e111-b16a-005056956277,2016 IRONMAN Wisconsin,6fd44d69-6056-e511-9409-005056951bf1,9/11/2016,2016,
im-wisconsin,e598aa20-f278-e111-b16a-005056956277,2017 IRONMAN Wisconsin,774fdf25-ec75-e611-9410-005056951bf1,9/10/2017,2017,
im-wisconsin,e598aa20-f278-e111-b16a-005056956277,2018 IRONMAN Wisconsin,406b4079-5c99-e711-9419-005056951bf1,9/9/2018,2018,
im-wisconsin,e598aa20-f278-e111-b16a-005056956277,2019 IRONMAN Wisconsin,52455708-bcb5-e811-a967-000d3a37468c,9/8/2019,2019,
im-wisconsin,e598aa20-f278-e111-b16a-005056956277,2021 IRONMAN Wisconsin,9d7fc5ab-e7ed-40fd-b46d-36eef2fe3fae,9/12/2021,2021,
im-wisconsin,e598aa20-f278-e111-b16a-005056956277,2022 IRONMAN Wisconsin,00d24264-8938-4a98-a10f-56dc3473e541,9/11/2022,2022,
im-wisconsin,e598aa20-f278-e111-b16a-005056956277,2023 IRONMAN Wisconsin,f81b2e11-ec16-43ac-941b-4386106a9a28,9/10/2023,2023,
im-wisconsin,e598aa20-f278-e111-b16a-005056956277,2024 IRONMAN Wisconsin,2589106a-7c4e-4218-9922-fc5443c1b29e,9/8/2024,2024,
im-wisconsin,e598aa20-f278-e111-b16a-005056956277,2025 IRONMAN Wisconsin,3bd630ca-4c2a-4775-87bd-b0d2c2764c53,9/7/2025,2025,
im-world-championship-kona,e798aa20-f278-e111-b16a-005056956277,2003 IRONMAN World Championship: Triathlon,8d13d0b1-4eae-e111-80ae-005056956277,,2003,yes
im-world-championship-kona,e798aa20-f278-e111-b16a-005056956277,2004 IRONMAN World Championship: Triathlon,c313d0b1-4eae-e111-80ae-005056956277,,2004,yes
im-world-championship-kona,e798aa20-f278-e111-b16a-005056956277,2005 IRONMAN World Championship: Triathlon,0b14d0b1-4eae-e111-80ae-005056956277,,2005,yes
im-world-championship-kona,e798aa20-f278-e111-b16a-005056956277,2006 IRONMAN World Championship: Triathlon,5514d0b1-4eae-e111-80ae-005056956277,,2006,yes
im-world-championship-kona,e798aa20-f278-e111-b16a-005056956277,2007 IRONMAN World Championship: Triathlon,a714d0b1-4eae-e111-80ae-005056956277,,2007,yes
im-world-championship-kona,e798aa20-f278-e111-b16a-005056956277,2008 IRONMAN World Championship: Triathlon,0115d0b1-4eae-e111-80ae-005056956277,,2008,yes
im-world-championship-kona,e798aa20-f278-e111-b16a-005056956277,2009 IRONMAN World Championship: Triathlon,7b15d0b1-4eae-e111-80ae-005056956277,,2009,yes
im-world-championship-kona,e798aa20-f278-e111-b16a-005056956277,2010 IRONMAN World Championship: Triathlon,1d16d0b1-4eae-e111-80ae-005056956277,,2010,yes
im-world-championship-kona,e798aa20-f278-e111-b16a-005056956277,2011 IRONMAN World Championship: Triathlon,1d17d0b1-4eae-e111-80ae-005056956277,,2011,yes
im-world-championship-kona,e798aa20-f278-e111-b16a-005056956277,2012 IRONMAN World Championship: Triathlon,2518d0b1-4eae-e111-80ae-005056956277,,2012,yes
im-world-championship-kona,e798aa20-f278-e111-b16a-005056956277,2013 IRONMAN World Championship: Triathlon,0f626994-3055-e211-b7a2-005056956277,,2013,yes
im-world-championship-kona,e798aa20-f278-e111-b16a-005056956277,2014 IRONMAN World Championship,324952b5-7a15-e311-9ec7-005056956277,,2014,yes
im-world-championship-kona,e798aa20-f278-e111-b16a-005056956277,2015 IRONMAN World Championship,d57bb0ac-432e-4d3e-a4ba-7ad7439b8b02,,2015,yes
im-world-championship-kona,e798aa20-f278-e111-b16a-005056956277,2016 IRONMAN World Championship,9cb970f1-a951-e511-9409-005056951bf1,,2016,yes
im-world-championship-kona,e798aa20-f278-e111-b16a-005056956277,2017 IRONMAN World Championship,a199a3a5-6674-e611-9410-005056951bf1,,2017,yes
im-world-championship-kona,e798aa20-f278-e111-b16a-005056956277,2018 IRONMAN World Championship,19c48b66-758e-e711-9419-005056951bf1,,2018,yes
im-world-championship-kona,e798aa20-f278-e111-b16a-005056956277,2019 IRONMAN World Championship Kukui Division,7b8fe9f3-87d2-ea11-a812-000d3a5a1cf8,,2019,yes
im-world-championship-kona,e798aa20-f278-e111-b16a-005056956277,2021 IRONMAN World Championship,0a7ac8ac-3bf4-4615-94f7-51ae16220699,,2021,yes
im-world-championship-kona,e798aa20-f278-e111-b16a-005056956277,2022 IRONMAN World Championship Thursday,1c0caffb-36cf-46f6-8f67-c1e7f7f428b8,,2022,yes
im-world-championship-kona,e798aa20-f278-e111-b16a-005056956277,2023 IRONMAN World Championship - Women,61a15e83-504c-43b5-8ff6-029b92ba5f2a,,2023,yes
im-world-championship-kona,e798aa20-f278-e111-b16a-005056956277,2024 IRONMAN World Championship - Women,f2bd48fb-d595-4163-b090-f6b04089fa42,,2024,yes
im-world-championship-kona,e798aa20-f278-e111-b16a-005056956277,2025 IRONMAN World Championship - Women,e3bdd10e-80a5-48b3-bbf7-fda62ffb0824,,2025,yes
im703-acapulco,fa93e2dc-d106-487c-b78e-08eecf010ca5,2021 IRONMAN 70.3 Acapulco,72c4014d-3c77-465f-9a2f-d9477cf5b146,5/23/2021,2021,
im703-acapulco,fa93e2dc-d106-487c-b78e-08eecf010ca5,2022 IRONMAN 70.3 Acapulco,4873f326-f758-41b7-982f-cf1c47018d93,4/3/2022,2022,
im703-acapulco,fa93e2dc-d106-487c-b78e-08eecf010ca5,2023 IRONMAN 70.3 Acapulco,084560bf-d7e4-44df-91cf-4a044c8c051c,3/26/2023,2023,
im703-acapulco,fa93e2dc-d106-487c-b78e-08eecf010ca5,2024 IRONMAN 70.3 Acapulco,1539f15e-85cb-447f-8731-ee6bfe676a5b,12/1/2024,2024,
im703-acapulco,fa93e2dc-d106-487c-b78e-08eecf010ca5,2025 IRONMAN 70.3 Acapulco,b99afa69-fdd9-4799-8186-64b42b2e8bb4,11/9/2025,2025,
im703-agadir,f3169d46-d6c3-4a26-a212-bfd6a2eb87ed,2025 IRONMAN 70.3 Agadir,2703b6cd-36b3-4e37-81c1-8d6c88c7f519,10/26/2025,2025,
im703-aix-en-provence,6d98aa20-f278-e111-b16a-005056956277,2011 IRONMAN 70.3 Pays D'Aix: Triathlon,4b17d0b1-4eae-e111-80ae-005056956277,9/25/2011,2011,
im703-aix-en-provence,6d98aa20-f278-e111-b16a-005056956277,2012 IRONMAN 70.3 Pays D'Aix: Triathlon,3718d0b1-4eae-e111-80ae-005056956277,9/23/2012,2012,
im703-aix-en-provence,6d98aa20-f278-e111-b16a-005056956277,2013 IRONMAN 70.3 Pays D'Aix: Triathlon,19626994-3055-e211-b7a2-005056956277,9/22/2013,2013,
im703-aix-en-provence,6d98aa20-f278-e111-b16a-005056956277,2014 IRONMAN 70.3 Pays D'Aix,064952b5-7a15-e311-9ec7-005056956277,5/18/2014,2014,
im703-aix-en-provence,6d98aa20-f278-e111-b16a-005056956277,2015 IRONMAN 70.3 Pays D'Aix,289a6a18-ec03-4b79-8cd3-ad609d98e2af,5/3/2015,2015,
im703-aix-en-provence,6d98aa20-f278-e111-b16a-005056956277,2016 IRONMAN 70.3 Pays d'Aix,91fbd7d9-7c25-e511-9403-005056951bf1,5/1/2016,2016,
im703-aix-en-provence,6d98aa20-f278-e111-b16a-005056956277,2017 IRONMAN 70.3 Pays D'Aix,f8abdd9d-1837-e611-940f-005056951bf1,5/14/2017,2017,
im703-aix-en-provence,6d98aa20-f278-e111-b16a-005056956277,2018 IRONMAN 70.3 Pays D'Aix,a06af767-c26b-e711-9418-005056951bf1,5/13/2018,2018,
im703-aix-en-provence,6d98aa20-f278-e111-b16a-005056956277,2019 IRONMAN 70.3 Pays D'Aix,4f9cf450-ce89-e811-941f-005056951bf1,5/12/2019,2019,
im703-aix-en-provence,6d98aa20-f278-e111-b16a-005056956277,2021 IRONMAN 70.3 Pays D'Aix,057db37c-7e98-42f6-8086-f813edbe7f3a,9/19/2021,2021,
im703-aix-en-provence,6d98aa20-f278-e111-b16a-005056956277,2021 IRONMAN 70.3 Pays D'Aix Bike-Run,28a172f1-dcfa-4dac-8a31-efa596905939,9/19/2021,2021,
im703-aix-en-provence,6d98aa20-f278-e111-b16a-005056956277,2022 IRONMAN 70.3 Pays D'Aix,f3092057-1f84-447c-a909-2abf4c229445,5/22/2022,2022,
im703-aix-en-provence,6d98aa20-f278-e111-b16a-005056956277,2023 IRONMAN 70.3 Pays D'Aix,6c806aa2-4a52-4c7c-be7c-8e331759347a,5/21/2023,2023,
im703-aix-en-provence,6d98aa20-f278-e111-b16a-005056956277,2024 IRONMAN 70.3 Aix-en-Provence,4cfda214-447b-4b25-9a07-e323b73ad6b7,5/19/2024,2024,
im703-aix-en-provence,6d98aa20-f278-e111-b16a-005056956277,2025 IRONMAN 70.3 Aix-en-Provence,1d33a788-7afe-4359-b1f3-82fa9fc3ac24,5/18/2025,2025,
im703-aracaju-sergipe,6954cd72-7775-45f5-8b85-3cf75b475837,2024 IRONMAN 70.3 Aracaju-Sergipe,d94ea98d-7c68-4753-9641-4b59d3c5592a,11/24/2024,2024,
im703-aracaju-sergipe,6954cd72-7775-45f5-8b85-3cf75b475837,2025 IRONMAN 70.3 Aracaju-Sergipe,0b5fd492-019c-4851-b5ff-cc984ab5a606,11/30/2025,2025,
im703-augusta,3398aa20-f278-e111-b16a-005056956277,2009 IRONMAN 70.3 Augusta: Triathlon,8515d0b1-4eae-e111-80ae-005056956277,9/27/2009,2009,
im703-augusta,3398aa20-f278-e111-b16a-005056956277,2010 IRONMAN 70.3 Augusta: Triathlon,2916d0b1-4eae-e111-80ae-005056956277,9/26/2010,2010,
im703-augusta,3398aa20-f278-e111-b16a-005056956277,2011 IRONMAN 70.3 Augusta,a076af39-ac5a-e211-b7a2-005056956277,9/25/2011,2011,
im703-augusta,3398aa20-f278-e111-b16a-005056956277,2012 IRONMAN 70.3 Augusta: Triathlon,2d18d0b1-4eae-e111-80ae-005056956277,9/30/2012,2012,
im703-augusta,3398aa20-f278-e111-b16a-005056956277,2013 IRONMAN 70.3 Augusta: Triathlon,14626994-3055-e211-b7a2-005056956277,9/29/2013,2013,
im703-augusta,3398aa20-f278-e111-b16a-005056956277,2014 IRONMAN 70.3 Augusta,e64852b5-7a15-e311-9ec7-005056956277,9/28/2014,2014,
im703-augusta,3398aa20-f278-e111-b16a-005056956277,2015 IRONMAN 70.3 Augusta,2eaaef80-4c6f-421e-809a-d10fc9b65502,9/27/2015,2015,
im703-augusta,3398aa20-f278-e111-b16a-005056956277,2016 IRONMAN 70.3 Augusta,6af02a10-3c8e-e511-9409-005056951bf1,9/25/2016,2016,
im703-augusta,3398aa20-f278-e111-b16a-005056956277,2017 IRONMAN 70.3 Augusta,2c760368-d0b0-e611-9410-005056951bf1,9/24/2017,2017,
im703-augusta,3398aa20-f278-e111-b16a-005056956277,2018 IRONMAN 70.3 Augusta,34400ea4-e6d6-e711-941b-005056951bf1,9/23/2018,2018,
im703-augusta,3398aa20-f278-e111-b16a-005056956277,2019 IRONMAN 70.3 Augusta,6d575ec6-9303-e911-a968-000d3a3749bc,9/29/2019,2019,
im703-augusta,3398aa20-f278-e111-b16a-005056956277,2021 IRONMAN 70.3 Augusta,ccc81b29-0eca-4bcc-bf0d-499131a59f8d,9/26/2021,2021,
im703-augusta,3398aa20-f278-e111-b16a-005056956277,2022 IRONMAN 70.3 Augusta,64085fc2-d99f-4aff-ac3e-3c8a5c7777fd,9/25/2022,2022,
im703-augusta,3398aa20-f278-e111-b16a-005056956277,2023 IRONMAN 70.3 Augusta,0e770043-0f42-4201-ba12-db3db74776cb,9/24/2023,2023,
im703-augusta,3398aa20-f278-e111-b16a-005056956277,2025 IRONMAN 70.3 Augusta,1671d800-f7fe-4ef2-9321-041dadb04d7b,9/28/2025,2025,
im703-bahrain,3f4b6a7b-ba16-e511-9402-005056951bf1,2015 IRONMAN 70.3 Bahrain,660190d0-ba16-e511-9402-005056951bf1,12/5/2015,2015,
im703-bahrain,3f4b6a7b-ba16-e511-9402-005056951bf1,2016 IRONMAN 70.3 Middle East Championship Bahrain,c20ec7d0-d2ba-e511-940c-005056951bf1,12/10/2016,2016,
im703-bahrain,3f4b6a7b-ba16-e511-9402-005056951bf1,2017 IRONMAN 70.3 Middle East Championship Bahrain,49822772-42e3-e611-9414-005056951bf1,11/25/2017,2017,
im703-bahrain,3f4b6a7b-ba16-e511-9402-005056951bf1,2018 IRONMAN 70.3 Bahrain,69988cde-5d6a-e811-941f-005056951bf1,12/8/2018,2018,
im703-bahrain,3f4b6a7b-ba16-e511-9402-005056951bf1,2019 IRONMAN 70.3 Middle East Championship Bahrain,757d3bf1-2073-e911-a97e-000d3a35f53a,12/7/2019,2019,
im703-bahrain,3f4b6a7b-ba16-e511-9402-005056951bf1,2022 IRONMAN 70.3 Bahrain,2cc3f721-c8bb-4238-9968-d1ad116f5511,12/9/2022,2022,
im703-bahrain,3f4b6a7b-ba16-e511-9402-005056951bf1,2023 IRONMAN 70.3 Bahrain,ef62cf84-1d0e-42e6-9155-87d341c1fb39,12/8/2023,2023,
im703-bahrain,3f4b6a7b-ba16-e511-9402-005056951bf1,2024 IRONMAN 70.3 Bahrain,3169172c-a644-412c-b833-7dca039e4be5,11/29/2024,2024,
im703-bahrain,3f4b6a7b-ba16-e511-9402-005056951bf1,2025 IRONMAN 70.3 Bahrain,6d790e90-d004-44bf-8741-92880dc88e24,12/5/2025,2025,
im703-belgrade,41e1ec53-e777-473b-a015-2c64c1f56442,2024 IRONMAN 70.3 Belgrade,91afaf8d-f60b-4641-ae66-560bd2ae1421,9/15/2024,2024,
im703-belgrade,41e1ec53-e777-473b-a015-2c64c1f56442,2025 IRONMAN 70.3 Belgrade,a9af15cf-c2ce-4671-8ce0-21e2cd7b71f9,9/21/2025,2025,
im703-bolton,3a228722-c851-4db8-b5af-31254f16d701,2021 IRONMAN 70.3 Bolton Bike-Run,4ee9d6de-59e2-430a-ae73-34138f553462,9/26/2021,2021,
im703-bolton,3a228722-c851-4db8-b5af-31254f16d701,2021 IRONMAN 70.3 Bolton,c52854e9-8499-4139-b705-b5ca164882dd,9/26/2021,2021,
im703-bolton,3a228722-c851-4db8-b5af-31254f16d701,2024 IRONMAN 70.3 Bolton,418c854e-6631-41cf-ba77-7f9a1336b776,6/30/2024,2024,
im703-bolton,3a228722-c851-4db8-b5af-31254f16d701,2025 IRONMAN 70.3 Bolton,963b0ba7-395f-4b06-86cf-ca211e275b53,6/8/2025,2025,
im703-boulder,3b98aa20-f278-e111-b16a-005056956277,2010 IRONMAN 70.3 Boulder: Triathlon,a115d0b1-4eae-e111-80ae-005056956277,8/8/2010,2010,
im703-boulder,3b98aa20-f278-e111-b16a-005056956277,2011 IRONMAN 70.3 Boulder: Triathlon,5316d0b1-4eae-e111-80ae-005056956277,8/7/2011,2011,
im703-boulder,3b98aa20-f278-e111-b16a-005056956277,2012 IRONMAN 70.3 Boulder: Triathlon,6f17d0b1-4eae-e111-80ae-005056956277,8/5/2012,2012,
im703-boulder,3b98aa20-f278-e111-b16a-005056956277,2013 IRONMAN 70.3 Boulder: Triathlon,c9616994-3055-e211-b7a2-005056956277,8/4/2013,2013,
im703-boulder,3b98aa20-f278-e111-b16a-005056956277,2014 IRONMAN 70.3 Boulder,eb4852b5-7a15-e311-9ec7-005056956277,6/15/2014,2014,
im703-boulder,3b98aa20-f278-e111-b16a-005056956277,2015 IRONMAN 70.3 Boulder,e7362b4e-ee49-43cd-af09-7707478be8e5,6/13/2015,2015,
im703-boulder,3b98aa20-f278-e111-b16a-005056956277,2016 IRONMAN 70.3 Boulder,ee417eee-1148-e511-9409-005056951bf1,6/11/2016,2016,
im703-boulder,3b98aa20-f278-e111-b16a-005056956277,2017 IRONMAN 70.3 Boulder,8bbe629c-9568-e611-940f-005056951bf1,8/5/2017,2017,
im703-boulder,3b98aa20-f278-e111-b16a-005056956277,2018 IRONMAN 70.3 Boulder,39f3f709-13a2-e711-9419-005056951bf1,8/4/2018,2018,
im703-boulder,3b98aa20-f278-e111-b16a-005056956277,2019 IRONMAN 70.3 Boulder,ae7ad45a-52b7-e811-a967-000d3a37468c,8/3/2019,2019,
im703-boulder,3b98aa20-f278-e111-b16a-005056956277,2021 IRONMAN 70.3 Boulder,ee962fff-76b2-40b6-a6db-05584480b809,8/7/2021,2021,
im703-boulder,3b98aa20-f278-e111-b16a-005056956277,2022 IRONMAN 70.3 Boulder,1f0e33db-974b-4695-880d-f45cd34da2cb,8/6/2022,2022,
im703-boulder,3b98aa20-f278-e111-b16a-005056956277,2023 IRONMAN 70.3 Boulder,bb139c33-6c93-4596-81c2-f43159d93687,6/10/2023,2023,
im703-boulder,3b98aa20-f278-e111-b16a-005056956277,2024 IRONMAN 70.3 Boulder,a3249034-8c8a-43d0-92c6-5f56f3f574bc,6/8/2024,2024,
im703-boulder,3b98aa20-f278-e111-b16a-005056956277,2025 IRONMAN 70.3 Boulder,e1555ad0-d967-434a-bcbd-572d8ad2e74b,6/14/2025,2025,
im703-buenos-aires,e7996dac-cd28-45e0-8ba2-73b711571958,2023 IRONMAN 70.3 Buenos Aires Palermo,39719ed5-8d03-4f3a-b0a5-91410178d961,10/29/2023,2023,
im703-buenos-aires,e7996dac-cd28-45e0-8ba2-73b711571958,2024 IRONMAN 70.3 Buenos Aires Palermo,55a09ecc-356c-43a0-a815-745dd041cd89,11/3/2024,2024,
im703-buenos-aires,e7996dac-cd28-45e0-8ba2-73b711571958,2025 IRONMAN 70.3 Buenos Aires Palermo,9a9f4c7d-d3a3-44ef-98b1-40338bdfa385,11/2/2025,2025,
im703-cairns,eec737b8-84fe-e111-aa75-005056956277,2012 IRONMAN 70.3 Cairns,1afb70e9-84fe-e111-aa75-005056956277,6/3/2012,2012,
im703-cairns,eec737b8-84fe-e111-aa75-005056956277,2013 IRONMAN 70.3 Cairns: Triathlon,43626994-3055-e211-b7a2-005056956277,6/9/2013,2013,
im703-cairns,eec737b8-84fe-e111-aa75-005056956277,2014 IRONMAN 70.3 Cairns,ef4852b5-7a15-e311-9ec7-005056956277,6/8/2014,2014,
im703-cairns,eec737b8-84fe-e111-aa75-005056956277,2015 IRONMAN 70.3 Cairns,70912ef4-a252-49fd-bf99-2aef44c495b7,6/14/2015,2015,
im703-cairns,eec737b8-84fe-e111-aa75-005056956277,2016 IRONMAN 70.3 Cairns,e2e456c0-1db2-e411-9400-005056951bf1,6/12/2016,2016,
im703-cairns,eec737b8-84fe-e111-aa75-005056956277,2017 IRONMAN 70.3 Cairns,d3bf44dc-6868-e611-940f-005056951bf1,6/11/2017,2017,
im703-cairns,eec737b8-84fe-e111-aa75-005056956277,2018 IRONMAN 70.3 Cairns,b1e9fe39-9252-e711-9418-005056951bf1,6/10/2018,2018,
im703-cairns,eec737b8-84fe-e111-aa75-005056956277,2019 IRONMAN 70.3 Cairns,0f8f9e60-7a72-e811-941f-005056951bf1,6/9/2019,2019,
im703-cairns,eec737b8-84fe-e111-aa75-005056956277,2020 IRONMAN 70.3 Cairns,517bff90-788b-e911-a978-000d3a37468c,9/27/2020,2020,
im703-cairns,eec737b8-84fe-e111-aa75-005056956277,2021 IRONMAN 70.3 Cairns,b7b6dfd4-fb41-4d0b-83c1-125678fb133c,6/6/2021,2021,
im703-cairns,eec737b8-84fe-e111-aa75-005056956277,2022 IRONMAN 70.3 Cairns,2fa7c9b2-8d67-4dad-ab3e-8435c9f6f65b,6/12/2022,2022,
im703-cairns,eec737b8-84fe-e111-aa75-005056956277,2023 IRONMAN 70.3 Cairns,08785e4f-29de-4b82-98b1-1f3b57ab6d34,6/18/2023,2023,
im703-cairns,eec737b8-84fe-e111-aa75-005056956277,2024 IRONMAN 70.3 Cairns,7869d555-2aff-4f50-9767-2086c1a877a3,6/16/2024,2024,
im703-cairns,eec737b8-84fe-e111-aa75-005056956277,2025 Aquabike 70.3 Cairns,59780d02-4153-401a-8a52-c2cd9fe9b935,6/15/2025,2025,
im703-cairns,eec737b8-84fe-e111-aa75-005056956277,2025 IRONMAN 70.3 Cairns,ee61cea7-a128-4c05-bad4-da375d0e7187,6/15/2025,2025,
im703-calgary,4598aa20-f278-e111-b16a-005056956277,2009 IRONMAN 70.3 Calgary: Triathlon,1b15d0b1-4eae-e111-80ae-005056956277,8/2/2009,2009,
im703-calgary,4598aa20-f278-e111-b16a-005056956277,2010 IRONMAN 70.3 Calgary: Triathlon,a515d0b1-4eae-e111-80ae-005056956277,8/1/2010,2010,
im703-calgary,4598aa20-f278-e111-b16a-005056956277,2011 IRONMAN 70.3 Calgary: Triathlon,8b16d0b1-4eae-e111-80ae-005056956277,7/31/2011,2011,
im703-calgary,4598aa20-f278-e111-b16a-005056956277,2012 IRONMAN 70.3 Calgary: Triathlon,9f17d0b1-4eae-e111-80ae-005056956277,7/29/2012,2012,
im703-calgary,4598aa20-f278-e111-b16a-005056956277,2013 IRONMAN 70.3 Calgary: Triathlon,de616994-3055-e211-b7a2-005056956277,7/28/2013,2013,
im703-calgary,4598aa20-f278-e111-b16a-005056956277,2014 IRONMAN 70.3 Calgary,f04852b5-7a15-e311-9ec7-005056956277,7/27/2014,2014,
im703-calgary,4598aa20-f278-e111-b16a-005056956277,2015 IRONMAN 70.3 Calgary,5f69eef8-9900-4f50-8466-ed3cd6a8261c,7/26/2015,2015,
im703-calgary,4598aa20-f278-e111-b16a-005056956277,2016 IRONMAN 70.3 Calgary,43e0ce09-999a-e511-9409-005056951bf1,7/24/2016,2016,
im703-calgary,4598aa20-f278-e111-b16a-005056956277,2017 IRONMAN 70.3 Calgary,b63b6f81-688a-e611-9410-005056951bf1,7/23/2017,2017,
im703-calgary,4598aa20-f278-e111-b16a-005056956277,2018 IRONMAN 70.3 Calgary,bb2b0b39-92ba-e711-941b-005056951bf1,7/29/2018,2018,
im703-calgary,4598aa20-f278-e111-b16a-005056956277,2019 IRONMAN 70.3 Calgary,1c241d45-0202-e911-a96e-000d3a36478d,8/11/2019,2019,
im703-calgary,4598aa20-f278-e111-b16a-005056956277,2021 IRONMAN 70.3 Calgary Bike-Run,395312c6-e42e-4b16-923e-d5d37cfc18a7,8/1/2021,2021,
im703-calgary,4598aa20-f278-e111-b16a-005056956277,2021 IRONMAN 70.3 Calgary,8274ba63-dfc6-4b5c-8f2f-05aa40029c31,8/1/2021,2021,
im703-calgary,4598aa20-f278-e111-b16a-005056956277,2022 IRONMAN 70.3 Calgary,1046bcfa-1617-4db5-a7e6-cc6c7fb21490,7/31/2022,2022,
im703-calgary,4598aa20-f278-e111-b16a-005056956277,2023 IRONMAN 70.3 Calgary,679f6b8d-3767-4a52-88ba-21a006a611b5,7/30/2023,2023,
im703-calgary,4598aa20-f278-e111-b16a-005056956277,2024 IRONMAN 70.3 Calgary,805f0377-94d0-4b70-9f2f-b768a0f9535e,7/28/2024,2024,
im703-calgary,4598aa20-f278-e111-b16a-005056956277,2025 IRONMAN 70.3 Calgary (partial bike),1d09181f-950e-4bb3-8e98-666d32f255d3,7/27/2025,2025,
im703-calgary,4598aa20-f278-e111-b16a-005056956277,2025 IRONMAN 70.3 Calgary (full bike),8bb5fc88-797c-43aa-9c1d-743c12e3ea12,7/27/2025,2025,
im703-campeche,839b1d67-802e-e611-940e-005056951bf1,2017 IRONMAN 70.3 Campeche,bea1b2f7-802e-e611-940e-005056951bf1,3/19/2017,2017,
im703-campeche,839b1d67-802e-e611-940e-005056951bf1,2018 IRONMAN 70.3 Campeche,fc62c23f-9b5a-e711-9418-005056951bf1,3/18/2018,2018,
im703-campeche,839b1d67-802e-e611-940e-005056951bf1,2019 IRONMAN 70.3 Campeche,ff0c8f64-9e32-e811-941e-005056951bf1,3/17/2019,2019,
im703-campeche,839b1d67-802e-e611-940e-005056951bf1,2020 IRONMAN 70.3 Campeche,7df6e6fb-0d4b-e911-a97f-000d3a364086,3/15/2020,2020,
im703-campeche,839b1d67-802e-e611-940e-005056951bf1,2024 IRONMAN 70.3 Campeche,7f9a50ed-92ec-4924-8301-5cdfe469b9f5,3/17/2024,2024,
im703-campeche,839b1d67-802e-e611-940e-005056951bf1,2025 IRONMAN 70.3 Campeche,1580c934-2014-43be-8bd4-a5f731fc6be5,3/16/2025,2025,
im703-cap-cana,e56852ab-06cc-4094-bc96-38d696ee15a6,2024 IRONMAN 70.3 Cap Cana,5984dfb4-8d48-4c35-af00-7db7c2c5c4a5,4/28/2024,2024,
im703-cap-cana,e56852ab-06cc-4094-bc96-38d696ee15a6,2025 IRONMAN 70.3 Cap Cana,e6c87216-d691-419f-8b30-a8e3f398d280,5/4/2025,2025,
im703-cartagena,dd309e2b-8a97-e511-9409-005056951bf1,2016 IRONMAN 70.3 Cartagena,43330591-8c97-e511-9409-005056951bf1,12/4/2016,2016,
im703-cartagena,dd309e2b-8a97-e511-9409-005056951bf1,2017 IRONMAN 70.3 Cartagena,60bea369-aed9-e611-9414-005056951bf1,12/3/2017,2017,
im703-cartagena,dd309e2b-8a97-e511-9409-005056951bf1,2018 IRONMAN 70.3 Cartagena,ca18f3c5-c2aa-e811-a961-000d3a3740b7,12/2/2018,2018,
im703-cartagena,dd309e2b-8a97-e511-9409-005056951bf1,2019 IRONMAN 70.3 Cartagena,26f9b591-f49c-e911-a97e-000d3a36478d,12/1/2019,2019,
im703-cartagena,dd309e2b-8a97-e511-9409-005056951bf1,2021 IRONMAN 70.3 Cartagena,3d056dca-512f-47f9-89fb-ff4777e22c7a,12/12/2021,2021,
im703-cartagena,dd309e2b-8a97-e511-9409-005056951bf1,2022 IRONMAN 70.3 Cartagena,71539573-68ac-483e-8ac6-b313cbfd42b0,12/4/2022,2022,
im703-cartagena,dd309e2b-8a97-e511-9409-005056951bf1,2023 IRONMAN 70.3 Cartagena,a25be991-163a-453d-88e0-ef1304602060,12/3/2023,2023,
im703-cartagena,dd309e2b-8a97-e511-9409-005056951bf1,2024 IRONMAN 70.3 Cartagena,61ff0d49-aa03-41d0-bf53-7f159d9baa98,12/1/2024,2024,
im703-cartagena,dd309e2b-8a97-e511-9409-005056951bf1,2025 IRONMAN 70.3 Cartagena,48541b5d-87fe-4b40-a5d9-e7da104aa77d,11/30/2025,2025,
im703-chattanooga,e2352999-586b-e411-93fa-005056951bf1,2015 IRONMAN 70.3 Chattanooga,087326dd-586b-e411-93fa-005056951bf1,5/17/2015,2015,
im703-chattanooga,e2352999-586b-e411-93fa-005056951bf1,2016 IRONMAN 70.3 Chattanooga,22c891ed-703f-e511-9409-005056951bf1,5/22/2016,2016,
im703-chattanooga,e2352999-586b-e411-93fa-005056951bf1,2017 IRONMAN 70.3 Chattanooga,ed22224c-d23e-e611-940f-005056951bf1,5/21/2017,2017,
im703-chattanooga,e2352999-586b-e411-93fa-005056951bf1,2018 IRONMAN 70.3 Chattanooga,8707d1d4-0d6b-e711-9418-005056951bf1,5/20/2018,2018,
im703-chattanooga,e2352999-586b-e411-93fa-005056951bf1,2019 IRONMAN 70.3 Chattanooga,56367699-dd91-e811-941f-005056951bf1,5/19/2019,2019,
im703-chattanooga,e2352999-586b-e411-93fa-005056951bf1,2021 IRONMAN 70.3 Chattanooga,d5abbfc1-778d-47d8-9048-ea36a75fb885,5/23/2021,2021,
im703-chattanooga,e2352999-586b-e411-93fa-005056951bf1,2022 IRONMAN 70.3 Chattanooga,8980bc3f-3694-4e37-b53f-d2378a26d7c9,5/22/2022,2022,
im703-chattanooga,e2352999-586b-e411-93fa-005056951bf1,2023 IRONMAN 70.3 Chattanooga,91fa1be8-3002-4755-a8ef-01b8254d5d44,5/21/2023,2023,
im703-chattanooga,e2352999-586b-e411-93fa-005056951bf1,2024 IRONMAN 70.3 Chattanooga,c644b569-80b0-4346-ab8d-42d46b037abc,5/19/2024,2024,
im703-chattanooga,e2352999-586b-e411-93fa-005056951bf1,2025 IRONMAN 70.3 Chattanooga,d4ab9ef4-8b7f-43c2-a594-c432415d8f90,5/18/2025,2025,
im703-coeur-dalene,eca2b3cf-881e-e511-9403-005056951bf1,2016 IRONMAN 70.3 Coeur d'Alene,81798587-8b1e-e511-9403-005056951bf1,6/26/2016,2016,
im703-coeur-dalene,eca2b3cf-881e-e511-9403-005056951bf1,2017 IRONMAN 70.3 Coeur d'Alene,c5b38460-517f-e611-9410-005056951bf1,6/25/2017,2017,
im703-coeur-dalene,eca2b3cf-881e-e511-9403-005056951bf1,2018 IRONMAN 70.3 Coeur d'Alene,65a4c2bd-0a88-e711-9419-005056951bf1,6/24/2018,2018,
im703-coeur-dalene,eca2b3cf-881e-e511-9403-005056951bf1,2019 IRONMAN 70.3 Coeur d'Alene,5b1694f5-59a1-e811-a960-000d3a3740b7,6/30/2019,2019,
im703-coeur-dalene,eca2b3cf-881e-e511-9403-005056951bf1,2022 IRONMAN 70.3 Coeur d'Alene,d1a8bafe-7cb8-4043-9825-6a83ae768ea4,6/26/2022,2022,
im703-coeur-dalene,eca2b3cf-881e-e511-9403-005056951bf1,2024 IRONMAN 70.3 Coeur d'Alene,690c2747-f5dd-4c5b-96a0-42eb6c1fe7db,6/23/2024,2024,
im703-coeur-dalene,eca2b3cf-881e-e511-9403-005056951bf1,2025 IRONMAN 70.3 Coeur d'Alene,d50458cb-0af5-493e-8830-836cbf0c1e73,6/22/2025,2025,
im703-colombo,ca7a8458-3a3a-e711-9417-005056951bf1,2018 IRONMAN 70.3 Colombo,9759d231-3b3a-e711-9417-005056951bf1,2/25/2018,2018,
im703-colombo,ca7a8458-3a3a-e711-9417-005056951bf1,2019 IRONMAN 70.3 Colombo,b745af7c-c848-e811-941e-005056951bf1,2/24/2019,2019,
im703-colombo,ca7a8458-3a3a-e711-9417-005056951bf1,2026 IRONMAN 70.3 Colombo,9b11429d-f159-474b-bb2a-7b67ec46cd89,2/22/2026,2026,
im703-cozumel,4f98aa20-f278-e111-b16a-005056956277,2010 IRONMAN 70.3 Cancun: Triathlon,2d16d0b1-4eae-e111-80ae-005056956277,9/19/2010,2010,
im703-cozumel,4f98aa20-f278-e111-b16a-005056956277,2011 IRONMAN 70.3 Cancun: Triathlon,4517d0b1-4eae-e111-80ae-005056956277,9/18/2011,2011,
im703-cozumel,4f98aa20-f278-e111-b16a-005056956277,2013 IRONMAN 70.3 Cozumel: Triathlon,16626994-3055-e211-b7a2-005056956277,9/22/2013,2013,
im703-cozumel,4f98aa20-f278-e111-b16a-005056956277,2014 IRONMAN 70.3 Cozumel,f34852b5-7a15-e311-9ec7-005056956277,9/21/2014,2014,
im703-cozumel,4f98aa20-f278-e111-b16a-005056956277,2015 IRONMAN 70.3 Cozumel,3105a2e0-0eb2-e411-9400-005056951bf1,9/20/2015,2015,
im703-cozumel,4f98aa20-f278-e111-b16a-005056956277,2016 IRONMAN 70.3 Cozumel,e23c3d02-d8ba-e511-940c-005056951bf1,10/2/2016,2016,
im703-cozumel,4f98aa20-f278-e111-b16a-005056956277,2017 IRONMAN 70.3 Cozumel,e427fe41-f3a5-e611-9410-005056951bf1,9/24/2017,2017,
im703-cozumel,4f98aa20-f278-e111-b16a-005056956277,2018 IRONMAN 70.3 Cozumel,338960da-71a7-e711-9419-005056951bf1,9/30/2018,2018,
im703-cozumel,4f98aa20-f278-e111-b16a-005056956277,2019 IRONMAN 70.3 Cozumel,6acabb00-4cc6-e811-a96a-000d3a35f53a,9/29/2019,2019,
im703-cozumel,4f98aa20-f278-e111-b16a-005056956277,2020 IRONMAN 70.3 Cozumel,0e050b13-6aef-e911-a986-000d3a3749bc,9/27/2020,2020,
im703-cozumel,4f98aa20-f278-e111-b16a-005056956277,2021 IRONMAN 70.3 Cozumel Day 1,93463968-5ae1-470a-81b4-e4a5f480306e,9/25/2021,2021,
im703-cozumel,4f98aa20-f278-e111-b16a-005056956277,2021 IRONMAN 70.3 Cozumel Day 2,ab50de36-0b12-4ce2-9517-0cc8fc64a1bb,9/26/2021,2021,
im703-cozumel,4f98aa20-f278-e111-b16a-005056956277,2022 IRONMAN 70.3 Cozumel,f0a465d0-1b05-4bce-8b5d-e885a9e17997,9/25/2022,2022,
im703-cozumel,4f98aa20-f278-e111-b16a-005056956277,2023 IRONMAN 70.3 Cozumel,9d2221a6-928b-49b4-b3fc-c243f5a1c63d,9/24/2023,2023,
im703-cozumel,4f98aa20-f278-e111-b16a-005056956277,2024 IRONMAN 70.3 Cozumel,6de385b2-6587-42f3-a58b-404fe0f60ba6,9/22/2024,2024,
im703-cozumel,4f98aa20-f278-e111-b16a-005056956277,2025 IRONMAN 70.3 Cozumel,6d40132b-67da-4fd2-969f-326403c51ebb,9/21/2025,2025,
im703-davao-philippines,3c1dd549-5aa4-e711-9419-005056951bf1,2018 IRONMAN 70.3 Davao Philippines,21280a3d-5ba4-e711-9419-005056951bf1,3/25/2018,2018,
im703-davao-philippines,3c1dd549-5aa4-e711-9419-005056951bf1,2019 IRONMAN 70.3 Davao Philippines,4f6aa25e-f4c0-e811-a96d-000d3a364086,3/24/2019,2019,
im703-davao-philippines,3c1dd549-5aa4-e711-9419-005056951bf1,2023 IRONMAN 70.3 Davao - Age Groups,66b61f2f-a12a-4ac1-9cf6-a564c43a5d1c,3/26/2023,2023,
im703-davao-philippines,3c1dd549-5aa4-e711-9419-005056951bf1,2023 IRONMAN 70.3 Davao - Pros,d02dcc8c-064c-491d-8dd1-035c388283cb,3/26/2023,2023,
im703-davao-philippines,3c1dd549-5aa4-e711-9419-005056951bf1,2024 IRONMAN 70.3 Davao,060931ac-c795-4789-8430-667ef3c9be40,8/11/2024,2024,
im703-davao-philippines,3c1dd549-5aa4-e711-9419-005056951bf1,2026 IRONMAN 70.3 Davao,0792eefa-12c5-4f79-bc7f-3dc64a617efc,3/22/2026,2026,
im703-des-moines,ed940c67-c299-e911-a97a-000d3a37468c,2021 IRONMAN 70.3 Des Moines,951360a4-3212-4a21-b99d-69bfb52d8215,6/20/2021,2021,
im703-des-moines,ed940c67-c299-e911-a97a-000d3a37468c,2023 IRONMAN 70.3 Des Moines,02938ddc-067f-4a9e-a128-0282ce56cb96,6/11/2023,2023,
im703-des-moines,ed940c67-c299-e911-a97a-000d3a37468c,2024 IRONMAN 70.3 Des Moines,4f527c4c-f8c0-4b53-a296-57dd0f09f4b1,6/9/2024,2024,
im703-des-moines,ed940c67-c299-e911-a97a-000d3a37468c,2025 IRONMAN 70.3 Des Moines,ce430268-9649-4303-aff5-118264a1d58e,6/8/2025,2025,
im703-desaru-coast,f8b9aa5e-b5b7-e911-a986-000d3a364086,2022 IRONMAN 70.3 Desaru Coast,644eb8fb-47b9-4e52-bfae-9012e9ec9a80,7/24/2022,2022,
im703-desaru-coast,f8b9aa5e-b5b7-e911-a986-000d3a364086,2023 IRONMAN 70.3 Desaru Coast,aebbf326-0ee8-4a0b-8db2-d5186dc9c835,5/14/2023,2023,
im703-desaru-coast,f8b9aa5e-b5b7-e911-a986-000d3a364086,2024 IRONMAN 70.3 Desaru Coast,896b1717-f2b2-4fd4-a949-b2b2805d720e,5/19/2024,2024,
im703-desaru-coast,f8b9aa5e-b5b7-e911-a986-000d3a364086,2025 IRONMAN 70.3 Desaru Coast,89755f15-6604-46b2-a4bf-cfd7797a3a75,5/25/2025,2025,
im703-duisburg,9ee9bf47-e2f0-e911-a812-000d3a5a1cf8,2021 IRONMAN 70.3 Duisburg Bike-Run,dcb04ff2-8878-45d9-9b71-c17292b39bfd,8/29/2021,2021,
im703-duisburg,9ee9bf47-e2f0-e911-a812-000d3a5a1cf8,2021 IRONMAN 70.3 Duisburg,f8b5a1ce-b142-4d63-b50d-7edd6e23fbf0,8/29/2021,2021,
im703-duisburg,9ee9bf47-e2f0-e911-a812-000d3a5a1cf8,2022 IRONMAN 70.3 Duisburg,52e7df1d-36fd-4222-a1cf-7d03063c8282,8/28/2022,2022,
im703-duisburg,9ee9bf47-e2f0-e911-a812-000d3a5a1cf8,2023 IRONMAN 70.3 Duisburg,b70670b3-eea2-47a1-b174-3986c9f24d63,8/6/2023,2023,
im703-duisburg,9ee9bf47-e2f0-e911-a812-000d3a5a1cf8,2024 IRONMAN 70.3 Duisburg,e110ced7-7958-45a2-9546-32ceb29be7a5,9/1/2024,2024,
im703-duisburg,9ee9bf47-e2f0-e911-a812-000d3a5a1cf8,2025 IRONMAN 70.3 Duisburg,f48751dd-2cf1-4310-b026-bb1c10b8dc73,9/7/2025,2025,
im703-durban,05a02daa-99b0-e411-9400-005056951bf1,2015 IRONMAN 70.3 Durban,8cf50287-9ab0-e411-9400-005056951bf1,8/2/2015,2015,
im703-durban,05a02daa-99b0-e411-9400-005056951bf1,2016 IRONMAN 70.3 Durban,321103e6-d8ba-e511-940c-005056951bf1,6/19/2016,2016,
im703-durban,05a02daa-99b0-e411-9400-005056951bf1,2017 IRONMAN 70.3 Durban,6cca5ca6-3448-e611-940f-005056951bf1,6/18/2017,2017,
im703-durban,05a02daa-99b0-e411-9400-005056951bf1,2018 IRONMAN 70.3 Durban,7f2abfa8-73a7-e711-9419-005056951bf1,6/3/2018,2018,
im703-durban,05a02daa-99b0-e411-9400-005056951bf1,2019 IRONMAN 70.3 Durban,8535d9bb-87d7-e811-a968-000d3a37468c,6/2/2019,2019,
im703-durban,05a02daa-99b0-e411-9400-005056951bf1,2021 IRONMAN 70.3 Durban Bike-Run,56ff8a20-29a5-4951-8e02-d9ba30b171f5,6/6/2021,2021,
im703-durban,05a02daa-99b0-e411-9400-005056951bf1,2021 IRONMAN 70.3 Durban,afbbbb93-964b-4297-8b3a-68d6b61a361f,6/6/2021,2021,
im703-durban,05a02daa-99b0-e411-9400-005056951bf1,2022 IRONMAN 70.3 Durban,2ea4851d-7889-48b0-bf45-677767f0c411,10/2/2022,2022,
im703-durban,05a02daa-99b0-e411-9400-005056951bf1,2023 IRONMAN 70.3 Durban,27ac828c-2a12-4fd9-b98c-0cebee4db1d7,6/4/2023,2023,
im703-durban,05a02daa-99b0-e411-9400-005056951bf1,2024 IRONMAN 70.3 Durban,62600009-b862-4b6f-8c26-501c96313ee2,6/2/2024,2024,
im703-durban,05a02daa-99b0-e411-9400-005056951bf1,2025 IRONMAN 70.3 Durban,fbd64112-b3e0-42b7-b5f2-beef606ec9b8,6/1/2025,2025,
im703-eagleman,d26b290a-86fe-e111-aa75-005056956277,2006 IRONMAN 70.3 Eagleman: Triathlon,f8c12d62-df55-e211-b7a2-005056956277,6/11/2006,2006,
im703-eagleman,d26b290a-86fe-e111-aa75-005056956277,2007 June IRONMAN 70.3 Eagleman: Triathlon,ba21e39c-df55-e211-b7a2-005056956277,6/10/2007,2007,
im703-eagleman,d26b290a-86fe-e111-aa75-005056956277,2008 IRONMAN 70.3 Eagleman: Triathlon,26c0bacf-df55-e211-b7a2-005056956277,6/8/2008,2008,
im703-eagleman,d26b290a-86fe-e111-aa75-005056956277,2009 IRONMAN 70.3 Eagleman: Triathlon,3372e809-e055-e211-b7a2-005056956277,6/14/2009,2009,
im703-eagleman,d26b290a-86fe-e111-aa75-005056956277,2010 IRONMAN 70.3 Eagleman: Triathlon,de0af846-e055-e211-b7a2-005056956277,6/13/2010,2010,
im703-eagleman,d26b290a-86fe-e111-aa75-005056956277,2011 IRONMAN 70.3 Eagleman: Triathlon,4792ae96-e055-e211-b7a2-005056956277,6/12/2011,2011,
im703-eagleman,d26b290a-86fe-e111-aa75-005056956277,2012 IRONMAN 70.3 Eagleman: Triathlon,500bd438-86fe-e111-aa75-005056956277,6/10/2012,2012,
im703-eagleman,d26b290a-86fe-e111-aa75-005056956277,2013 IRONMAN 70.3 Eagleman: Triathlon,45626994-3055-e211-b7a2-005056956277,6/9/2013,2013,
im703-eagleman,d26b290a-86fe-e111-aa75-005056956277,2014 IRONMAN 70.3 Eagleman,f44852b5-7a15-e311-9ec7-005056956277,6/8/2014,2014,
im703-eagleman,d26b290a-86fe-e111-aa75-005056956277,2015 IRONMAN 70.3 Eagleman,8c9c7c1e-911c-47c1-b452-1eb4b1743197,6/14/2015,2015,
im703-eagleman,d26b290a-86fe-e111-aa75-005056956277,2016 IRONMAN 70.3 Eagleman,5c748d0d-793f-e511-9409-005056951bf1,6/12/2016,2016,
im703-eagleman,d26b290a-86fe-e111-aa75-005056956277,2017 IRONMAN 70.3 Eagleman,9930d53f-c460-e611-940f-005056951bf1,6/11/2017,2017,
im703-eagleman,d26b290a-86fe-e111-aa75-005056956277,2018 IRONMAN 70.3 Eagleman,aac8c3d1-0988-e711-9419-005056951bf1,6/10/2018,2018,
im703-eagleman,d26b290a-86fe-e111-aa75-005056956277,2019 IRONMAN 70.3 Eagleman,67888708-87a1-e811-a962-000d3a3749bc,6/9/2019,2019,
im703-eagleman,d26b290a-86fe-e111-aa75-005056956277,2021 IRONMAN 70.3 Eagleman,b84fc433-bdb8-42a4-a13b-e58b71e86439,6/13/2021,2021,
im703-eagleman,d26b290a-86fe-e111-aa75-005056956277,2022 IRONMAN 70.3 Eagleman,3c80e4ce-e1ce-4cf7-ab46-be0ac547ef9c,6/12/2022,2022,
im703-eagleman,d26b290a-86fe-e111-aa75-005056956277,2023 IRONMAN 70.3 Eagleman,492f4a98-d43f-4f8d-8817-05e59893d155,6/11/2023,2023,
im703-eagleman,d26b290a-86fe-e111-aa75-005056956277,2024 IRONMAN 70.3 Eagleman,ede48026-ea03-4c1e-8ed2-7ab6ecacac48,6/9/2024,2024,
im703-eagleman,d26b290a-86fe-e111-aa75-005056956277,2025 IRONMAN 70.3 Eagleman,cf9bf8c9-1321-49a6-a9a8-e5acdef75c35,6/8/2025,2025,
im703-ecuador,f53b55a5-16b2-e411-9400-005056951bf1,2015 IRONMAN 70.3 Ecuador,1f616729-19b2-e411-9400-005056951bf1,8/9/2015,2015,
im703-ecuador,f53b55a5-16b2-e411-9400-005056951bf1,2016 IRONMAN 70.3 Ecuador,798d4143-8068-e511-9409-005056951bf1,7/31/2016,2016,
im703-ecuador,f53b55a5-16b2-e411-9400-005056951bf1,2017 IRONMAN 70.3 Ecuador,214de8d3-fbd2-e611-9412-005056951bf1,7/30/2017,2017,
im703-ecuador,f53b55a5-16b2-e411-9400-005056951bf1,2018 IRONMAN 70.3 Ecuador,243a8b31-d3ef-e711-941b-005056951bf1,7/8/2018,2018,
im703-ecuador,f53b55a5-16b2-e411-9400-005056951bf1,2019 IRONMAN 70.3 Ecuador,105fb91d-18b8-e811-a967-000d3a37468c,7/7/2019,2019,
im703-ecuador,f53b55a5-16b2-e411-9400-005056951bf1,2021 IRONMAN 70.3 Ecuador,574f3e91-693b-4af7-b2d6-ff78303bd69d,7/11/2021,2021,
im703-ecuador,f53b55a5-16b2-e411-9400-005056951bf1,2021 IRONMAN 70.3 Ecuador Bike-Run,f78660d0-d953-4d0e-b16d-d929b6492560,7/11/2021,2021,
im703-ecuador,f53b55a5-16b2-e411-9400-005056951bf1,2022 IRONMAN 70.3 Ecuador,db9e3b90-6e8b-41e2-8202-1f28b9ee3ba2,7/17/2022,2022,
im703-ecuador,f53b55a5-16b2-e411-9400-005056951bf1,2023 IRONMAN 70.3 Ecuador,6528a839-a8f6-48a0-b795-ed89dcc2f7aa,7/16/2023,2023,
im703-ecuador,f53b55a5-16b2-e411-9400-005056951bf1,2024 IRONMAN 70.3 Ecuador,554f43b4-9e68-4fcf-8163-22b2124592bb,7/7/2024,2024,
im703-ecuador,f53b55a5-16b2-e411-9400-005056951bf1,2025 IRONMAN 70.3 Ecuador,353658b8-3f70-4623-946d-0be51c2b2ca8,7/20/2025,2025,
im703-elsinore,fec9c75b-55a5-e311-b5f4-005056956277,2014 IRONMAN 70.3 Kronborg,52c55c11-57a5-e311-b5f4-005056956277,9/14/2014,2014,
im703-elsinore,fec9c75b-55a5-e311-b5f4-005056956277,2015 IRONMAN 70.3 Kronborg,809c5382-4f61-449c-ab87-854fc7442335,6/21/2015,2015,
im703-elsinore,fec9c75b-55a5-e311-b5f4-005056956277,2016 IRONMAN 70.3 Kronborg,6e3552e2-f24f-e511-9409-005056951bf1,6/19/2016,2016,
im703-elsinore,fec9c75b-55a5-e311-b5f4-005056956277,2017 IRONMAN 70.3 European Championship Elsinore,eab3bc66-bc6b-e611-940f-005056951bf1,6/18/2017,2017,
im703-elsinore,fec9c75b-55a5-e311-b5f4-005056956277,2018 IRONMAN 70.3 European Championship Elsinore,daa6203f-cb61-e711-9418-005056951bf1,6/17/2018,2018,
im703-elsinore,fec9c75b-55a5-e311-b5f4-005056956277,2019 IRONMAN 70.3 European Championship Elsinore,186ad0bc-33a2-e811-a960-000d3a3740b7,6/23/2019,2019,
im703-elsinore,fec9c75b-55a5-e311-b5f4-005056956277,2021 IRONMAN 70.3 European Championship Elsinore Bike-Run,48dc5e0e-4a9a-46bf-b46a-10a785556dfe,6/27/2021,2021,
im703-elsinore,fec9c75b-55a5-e311-b5f4-005056956277,2021 IRONMAN 70.3 European Championship Elsinore,c690a6d3-e15d-4199-9356-8931c3fbfb5c,6/27/2021,2021,
im703-elsinore,fec9c75b-55a5-e311-b5f4-005056956277,2022 IRONMAN 70.3 European Championship Elsinore,c9e159db-5f88-4cff-ac20-a06e4a8f8ea5,6/26/2022,2022,
im703-elsinore,fec9c75b-55a5-e311-b5f4-005056956277,2023 IRONMAN 70.3 Elsinore,cf562f20-de52-4612-ad57-230810c293ad,6/25/2023,2023,
im703-elsinore,fec9c75b-55a5-e311-b5f4-005056956277,2024 IRONMAN 70.3 Elsinore,ebc6bd7d-d840-4ba0-8338-74d294911a4a,6/23/2024,2024,
im703-elsinore,fec9c75b-55a5-e311-b5f4-005056956277,2025 IRONMAN 70.3 Elsinore,9bd8c169-0c37-4ce9-9a21-d1dd75895524,6/22/2025,2025,
im703-encarnacion,28ec6dea-d2d5-425a-b5a1-5f589222c64e,2025 IRONMAN 70.3 Encarnacion,b755bf70-1ac5-453b-a1b4-5644ce9b772c,9/28/2025,2025,
im703-erkner,25bc1a07-6985-434a-86ab-f7c867230491,2022 IRONMAN 70.3 Erkner,85016295-2c5d-4a90-bd26-80acc709c2c7,9/11/2022,2022,
im703-erkner,25bc1a07-6985-434a-86ab-f7c867230491,2023 IRONMAN 70.3 Erkner,3f4d1c86-9928-4d10-972e-e24ba9528c1c,9/10/2023,2023,
im703-erkner,25bc1a07-6985-434a-86ab-f7c867230491,2024 IRONMAN 70.3 Erkner,88b83ce4-0a39-4631-9d9b-40dbf50b4b1c,9/15/2024,2024,
im703-erkner,25bc1a07-6985-434a-86ab-f7c867230491,2025 IRONMAN 70.3 Erkner Berlin-Brandenburg,2ba48a3a-17c4-483f-b101-c848e07c0f48,9/14/2025,2025,
im703-florianopolis,0a2f9c3c-e1c3-e711-941b-005056951bf1,2018 IRONMAN 70.3 Florianopolis,ba9edf71-e1c3-e711-941b-005056951bf1,4/22/2018,2018,
im703-florianopolis,0a2f9c3c-e1c3-e711-941b-005056951bf1,2019 IRONMAN 70.3 Florianopolis,dd74f311-dc5a-e811-941e-005056951bf1,4/28/2019,2019,
im703-florianopolis,0a2f9c3c-e1c3-e711-941b-005056951bf1,2022 IRONMAN 70.3 Florianopolis,729ce8da-4d77-49b7-8c45-23be020b09b6,4/24/2022,2022,
im703-florianopolis,0a2f9c3c-e1c3-e711-941b-005056951bf1,2023 IRONMAN 70.3 Florianopolis,a4d57d6c-3712-44f9-881d-ddbb319a3e1b,4/16/2023,2023,
im703-florianopolis,0a2f9c3c-e1c3-e711-941b-005056951bf1,2024 IRONMAN 70.3 Florianopolis,714a002d-cb99-4f6d-b376-817ac9ce4977,4/14/2024,2024,
im703-florianopolis,0a2f9c3c-e1c3-e711-941b-005056951bf1,2025 IRONMAN 70.3 Florianopolis,1078ccdb-1c54-4d8c-a2dd-0b50151409db,10/26/2025,2025,
im703-florida,5198aa20-f278-e111-b16a-005056956277,2004 IRONMAN 70.3 Florida: Triathlon,b313d0b1-4eae-e111-80ae-005056956277,5/23/2004,2004,
im703-florida,5198aa20-f278-e111-b16a-005056956277,2005 IRONMAN 70.3 Florida: Triathlon,f513d0b1-4eae-e111-80ae-005056956277,5/22/2005,2005,
im703-florida,5198aa20-f278-e111-b16a-005056956277,2006 IRONMAN 70.3 Florida: Triathlon,4714d0b1-4eae-e111-80ae-005056956277,5/21/2006,2006,
im703-florida,5198aa20-f278-e111-b16a-005056956277,2007 IRONMAN 70.3 Florida: Triathlon,9914d0b1-4eae-e111-80ae-005056956277,5/20/2007,2007,
im703-florida,5198aa20-f278-e111-b16a-005056956277,2008 IRONMAN 70.3 Florida: Triathlon,ed14d0b1-4eae-e111-80ae-005056956277,5/18/2008,2008,
im703-florida,5198aa20-f278-e111-b16a-005056956277,2010 IRONMAN 70.3 Florida: Triathlon,fb15d0b1-4eae-e111-80ae-005056956277,5/16/2010,2010,
im703-florida,5198aa20-f278-e111-b16a-005056956277,2011 IRONMAN 70.3 Florida: Triathlon,df16d0b1-4eae-e111-80ae-005056956277,5/15/2011,2011,
im703-florida,5198aa20-f278-e111-b16a-005056956277,2012 IRONMAN 70.3 Florida: Triathlon,fd17d0b1-4eae-e111-80ae-005056956277,5/20/2012,2012,
im703-florida,5198aa20-f278-e111-b16a-005056956277,2013 IRONMAN 70.3 Florida: Triathlon,079ba23e-a3dd-e111-aa75-005056956277,5/19/2013,2013,
im703-florida,5198aa20-f278-e111-b16a-005056956277,2014 IRONMAN 70.3 Florida,3c6e0276-0f01-e311-9ec7-005056956277,4/13/2014,2014,
im703-florida,5198aa20-f278-e111-b16a-005056956277,2015 IRONMAN 70.3 Florida,b4e141ad-c316-467e-acf4-886819d22c69,4/12/2015,2015,
im703-florida,5198aa20-f278-e111-b16a-005056956277,2016 IRONMAN 70.3 Florida,1c979f16-8d2c-e511-9403-005056951bf1,4/10/2016,2016,
im703-florida,5198aa20-f278-e111-b16a-005056956277,2017 IRONMAN 70.3 Florida,9b66e871-0f50-e611-940f-005056951bf1,4/9/2017,2017,
im703-florida,5198aa20-f278-e111-b16a-005056956277,2018 IRONMAN 70.3 Florida,23d874a3-d068-e711-9418-005056951bf1,4/8/2018,2018,
im703-florida,5198aa20-f278-e111-b16a-005056956277,2019 IRONMAN 70.3 Florida,58f4bb9a-dc91-e811-941f-005056951bf1,4/14/2019,2019,
im703-florida,5198aa20-f278-e111-b16a-005056956277,2021 IRONMAN 70.3 Florida December,03cb57b1-f23a-4026-a1ce-e07fd0312809,12/12/2021,2021,
im703-florida,5198aa20-f278-e111-b16a-005056956277,2021 IRONMAN 70.3 Florida,819cd3fb-05a8-490c-adba-4d3001009339,4/18/2021,2021,
im703-florida,5198aa20-f278-e111-b16a-005056956277,2022 IRONMAN 70.3 Florida,2c2f87f2-b6bf-4651-a968-3fc6266601aa,12/11/2022,2022,
im703-florida,5198aa20-f278-e111-b16a-005056956277,2023 IRONMAN 70.3 Florida,9724bb90-98af-4c92-af18-16fbd42c4981,12/10/2023,2023,
im703-florida,5198aa20-f278-e111-b16a-005056956277,2024 IRONMAN 70.3 Florida,3a9f941e-b4bf-4ff6-aa46-baa71a86e27d,12/15/2024,2024,
im703-florida,5198aa20-f278-e111-b16a-005056956277,2025 IRONMAN 70.3 Florida,a5bd95df-bec2-413e-ba85-8f79657905e1,12/14/2025,2025,
im703-fortaleza,68424bd6-3ed8-e611-9412-005056951bf1,2017 IRONMAN 70.3 Fortaleza,62bf9390-efd3-e611-9412-005056951bf1,11/26/2017,2017,
im703-fortaleza,68424bd6-3ed8-e611-9412-005056951bf1,2018 IRONMAN 70.3 Fortaleza,df42f1fc-7cf4-e711-941c-005056951bf1,11/25/2018,2018,
im703-fortaleza,68424bd6-3ed8-e611-9412-005056951bf1,2019 IRONMAN 70.3 Fortaleza,54353689-0d18-e911-a967-000d3a3740b7,6/9/2019,2019,
im703-fortaleza,68424bd6-3ed8-e611-9412-005056951bf1,2022 IRONMAN 70.3 Fortaleza,fd99dbd7-313f-4d6f-8b07-bf822a7e5654,11/6/2022,2022,
im703-fortaleza,68424bd6-3ed8-e611-9412-005056951bf1,2023 IRONMAN 70.3 Fortaleza,ec5eedde-ec6f-457c-90fe-69e81cb11630,11/19/2023,2023,
im703-fortaleza,68424bd6-3ed8-e611-9412-005056951bf1,2024 IRONMAN 70.3 Fortaleza,5ebcb6a4-01c4-4cdf-9dc4-edc6d9d902b8,8/25/2024,2024,
im703-gdynia,e1339090-3e7a-e411-93fc-005056951bf1,2015 IRONMAN 70.3 Gdynia,413bdfc3-3e7a-e411-93fc-005056951bf1,8/9/2015,2015,
im703-gdynia,e1339090-3e7a-e411-93fc-005056951bf1,2016 IRONMAN 70.3 Gdynia,216a9127-daba-e511-940c-005056951bf1,8/7/2016,2016,
im703-gdynia,e1339090-3e7a-e411-93fc-005056951bf1,2017 IRONMAN 70.3 Gdynia,b870e801-0ac2-e611-9410-005056951bf1,8/6/2017,2017,
im703-gdynia,e1339090-3e7a-e411-93fc-005056951bf1,2018 IRONMAN 70.3 Gdynia,b701edea-4ff1-e711-941c-005056951bf1,8/5/2018,2018,
im703-gdynia,e1339090-3e7a-e411-93fc-005056951bf1,2019 IRONMAN 70.3 Gdynia,e93f6a00-06b1-e811-a96c-000d3a364086,8/11/2019,2019,
im703-gdynia,e1339090-3e7a-e411-93fc-005056951bf1,2020 IRONMAN 70.3 Gdynia,85d74b2f-241c-ea11-a811-000d3a5a1cf8,9/6/2020,2020,
im703-gdynia,e1339090-3e7a-e411-93fc-005056951bf1,2021 IRONMAN 70.3 Gdynia,b2b3f65f-eb92-41a5-995b-50201a96437e,8/8/2021,2021,
im703-gdynia,e1339090-3e7a-e411-93fc-005056951bf1,2022 IRONMAN 70.3 Gdynia,3eeb4da2-b363-419f-b080-201d51a9aeca,8/7/2022,2022,
im703-gdynia,e1339090-3e7a-e411-93fc-005056951bf1,2023 IRONMAN 70.3 Gdynia,21c12965-fa60-48b8-84fc-308399944ac0,8/6/2023,2023,
im703-gdynia,e1339090-3e7a-e411-93fc-005056951bf1,2024 IRONMAN 70.3 Gdynia,e9e716f8-060b-4f40-8e2a-3b7eb86fb341,8/4/2024,2024,
im703-geelong,3bff5ad1-f53b-e311-9ec7-005056956277,2014 IRONMAN 70.3 Geelong,93b75181-f63b-e311-9ec7-005056956277,2/9/2014,2014,
im703-geelong,3bff5ad1-f53b-e311-9ec7-005056956277,2015 5150 Geelong,ce6bef41-c899-4aec-9b2e-92f35db3fc87,2/8/2015,2015,
im703-geelong,3bff5ad1-f53b-e311-9ec7-005056956277,2015 IRONMAN 70.3 Geelong,e6d5e5d5-43b4-47aa-9549-7b4564aa645d,2/8/2015,2015,
im703-geelong,3bff5ad1-f53b-e311-9ec7-005056956277,2016 IRONMAN 70.3 Geelong,bf2a7190-20b2-e411-9400-005056951bf1,2/7/2016,2016,
im703-geelong,3bff5ad1-f53b-e311-9ec7-005056956277,2017 IRONMAN 70.3 Geelong,f38db0c6-ec36-e611-940f-005056951bf1,2/19/2017,2017,
im703-geelong,3bff5ad1-f53b-e311-9ec7-005056956277,2018 IRONMAN 70.3 Geelong,78fe3801-9152-e711-9418-005056951bf1,2/18/2018,2018,
im703-geelong,3bff5ad1-f53b-e311-9ec7-005056956277,2019 IRONMAN 70.3 Geelong,1e083849-812c-e811-941e-005056951bf1,2/17/2019,2019,
im703-geelong,3bff5ad1-f53b-e311-9ec7-005056956277,2020 IRONMAN 70.3 Geelong,82d6552e-4634-e911-a96b-000d3a3740b7,2/23/2020,2020,
im703-geelong,3bff5ad1-f53b-e311-9ec7-005056956277,2021 IRONMAN 70.3 Geelong,e93d24a7-7b63-455f-9a6c-eb23c55aa5a3,3/28/2021,2021,
im703-geelong,3bff5ad1-f53b-e311-9ec7-005056956277,2022 IRONMAN 70.3 Geelong,273f2697-012f-44d9-8dc9-86767a20bc6a,2/20/2022,2022,
im703-geelong,3bff5ad1-f53b-e311-9ec7-005056956277,2023 Aquabike Geelong,02d85d68-0898-4743-8de6-ea333bdb3cd2,3/26/2023,2023,
im703-geelong,3bff5ad1-f53b-e311-9ec7-005056956277,2023 IRONMAN 70.3 Geelong,92e3fbb9-9ffd-462b-8b73-cb004487205e,3/26/2023,2023,
im703-geelong,3bff5ad1-f53b-e311-9ec7-005056956277,2024 Aquabike Geelong,a08ff39f-2626-4df7-ba26-26ec15401535,3/24/2024,2024,
im703-geelong,3bff5ad1-f53b-e311-9ec7-005056956277,2024 IRONMAN 70.3 Geelong,f5106cb7-368e-4a2d-b804-5a6d69d6c5a3,3/24/2024,2024,
im703-geelong,3bff5ad1-f53b-e311-9ec7-005056956277,2025 Aquabike 70.3 Geelong,577fb4e0-382f-4ecd-878d-04d58915a8f0,3/23/2025,2025,
im703-geelong,3bff5ad1-f53b-e311-9ec7-005056956277,2025 IRONMAN 70.3 Geelong,edd2eed4-14d1-4ace-b0b6-8c2f37bca761,3/23/2025,2025,
im703-geelong,3bff5ad1-f53b-e311-9ec7-005056956277,2026 IRONMAN 70.3 Geelong,bcf8d451-6b50-4d9f-946e-69d890ed6588,3/22/2026,2026,
im703-geelong,3bff5ad1-f53b-e311-9ec7-005056956277,2026 Aquabike 70.3 Geelong,d9fcadcb-3757-4bd4-9e0e-0074269d3424,3/22/2026,2026,
im703-goa,a8a0c439-4cfd-e811-a968-000d3a3749bc,2019 IRONMAN 70.3 Goa,7284cebd-4cfd-e811-a968-000d3a3749bc,10/20/2019,2019,
im703-goa,a8a0c439-4cfd-e811-a968-000d3a3749bc,2022 IRONMAN 70.3 Goa,c2b8dbc9-fdf9-422c-a147-d976146f1902,11/13/2022,2022,
im703-goa,a8a0c439-4cfd-e811-a968-000d3a3749bc,2023 IRONMAN 70.3 Goa,a9e26e6a-2f4f-410b-b3c8-b96e2d2a3130,10/8/2023,2023,
im703-goa,a8a0c439-4cfd-e811-a968-000d3a3749bc,2024 IRONMAN 70.3 Goa,df642982-5fff-4460-8470-49efcb8fdc79,10/27/2024,2024,
im703-goa,a8a0c439-4cfd-e811-a968-000d3a3749bc,2025 IRONMAN 70.3 Goa,a6bbbdda-013d-4e63-9abf-8d2b66f53664,11/9/2025,2025,
im703-goseong,80711e6b-fdca-e811-a96a-000d3a35f53a,2019 IRONMAN 70.3 Goseong,084d5371-feca-e811-a96a-000d3a35f53a,5/26/2019,2019,
im703-goseong,80711e6b-fdca-e811-a96a-000d3a35f53a,2022 IRONMAN 70.3 Goseong,a857b6f0-d139-410f-b3ff-82c2570be69b,6/19/2022,2022,
im703-goseong,80711e6b-fdca-e811-a96a-000d3a35f53a,2023 IRONMAN 70.3 Goseong,8b384579-d96d-4b49-bb63-6ddfcc0e8912,6/18/2023,2023,
im703-goseong,80711e6b-fdca-e811-a96a-000d3a35f53a,2024 IRONMAN 70.3 Goseong,34e8c66b-a3d1-45ea-ad3a-b2fa037034dd,6/16/2024,2024,
im703-goseong,80711e6b-fdca-e811-a96a-000d3a35f53a,2025 IRONMAN 70.3 Goseong,bb62f578-4535-4293-a1fd-95a1bad7ba46,6/15/2025,2025,
im703-gulf-coast,67d2be01-c0a2-e611-9410-005056951bf1,2017 IRONMAN 70.3 Gulf Coast,cd0eb09b-c0a2-e611-9410-005056951bf1,5/13/2017,2017,
im703-gulf-coast,67d2be01-c0a2-e611-9410-005056951bf1,2018 IRONMAN 70.3 Gulf Coast,5b36a90e-096b-e711-9418-005056951bf1,5/12/2018,2018,
im703-gulf-coast,67d2be01-c0a2-e611-9410-005056951bf1,2019 IRONMAN 70.3 Gulf Coast,cc9ee743-dd91-e811-941f-005056951bf1,5/11/2019,2019,
im703-gulf-coast,67d2be01-c0a2-e611-9410-005056951bf1,2020 IRONMAN 70.3 Gulf Coast,bf58c5bd-c4a8-e911-a979-000d3a3740b7,11/7/2020,2020,
im703-gulf-coast,67d2be01-c0a2-e611-9410-005056951bf1,2021 IRONMAN 70.3 Gulf Coast,a91e1f36-43f9-4b46-b7c0-f2ea9906abfd,5/15/2021,2021,
im703-gulf-coast,67d2be01-c0a2-e611-9410-005056951bf1,2022 IRONMAN 70.3 Gulf Coast,e2f30de6-5431-46ee-a2ff-93c63b61373b,5/7/2022,2022,
im703-gulf-coast,67d2be01-c0a2-e611-9410-005056951bf1,2023 IRONMAN 70.3 Gulf Coast,7e08c71f-7e66-4e0a-ac6c-4a63b871c249,5/13/2023,2023,
im703-gulf-coast,67d2be01-c0a2-e611-9410-005056951bf1,2024 IRONMAN 70.3 Gulf Coast,cc9adaba-72d4-4500-8183-3ae7f10ea9e1,5/11/2024,2024,
im703-gulf-coast,67d2be01-c0a2-e611-9410-005056951bf1,2025 IRONMAN 70.3 Gulf Coast,8f32c36f-ad87-43d9-a96c-2f3bd3f610d5,5/10/2025,2025,
im703-hawaii,5398aa20-f278-e111-b16a-005056956277,2005 IRONMAN 70.3 Hawaii: Triathlon,e913d0b1-4eae-e111-80ae-005056956277,6/5/2005,2005,
im703-hawaii,5398aa20-f278-e111-b16a-005056956277,2006 IRONMAN 70.3 Hawaii: Triathlon,3b14d0b1-4eae-e111-80ae-005056956277,6/3/2006,2006,
im703-hawaii,5398aa20-f278-e111-b16a-005056956277,2007 IRONMAN 70.3 Hawaii: Triathlon,8f14d0b1-4eae-e111-80ae-005056956277,6/2/2007,2007,
im703-hawaii,5398aa20-f278-e111-b16a-005056956277,2008 IRONMAN 70.3 Hawaii: Triathlon,ef14d0b1-4eae-e111-80ae-005056956277,5/31/2008,2008,
im703-hawaii,5398aa20-f278-e111-b16a-005056956277,2009 IRONMAN 70.3 Hawaii: Triathlon,6115d0b1-4eae-e111-80ae-005056956277,5/30/2009,2009,
im703-hawaii,5398aa20-f278-e111-b16a-005056956277,2010 IRONMAN 70.3 Hawaii: Triathlon,dd15d0b1-4eae-e111-80ae-005056956277,6/5/2010,2010,
im703-hawaii,5398aa20-f278-e111-b16a-005056956277,2011 IRONMAN 70.3 Hawaii: Triathlon,b716d0b1-4eae-e111-80ae-005056956277,6/4/2011,2011,
im703-hawaii,5398aa20-f278-e111-b16a-005056956277,2012 IRONMAN 70.3 Hawaii: Triathlon,cf17d0b1-4eae-e111-80ae-005056956277,6/2/2012,2012,
im703-hawaii,5398aa20-f278-e111-b16a-005056956277,2013 IRONMAN 70.3 Hawaii: Triathlon,b8febed4-a1dd-e111-aa75-005056956277,6/1/2013,2013,
im703-hawaii,5398aa20-f278-e111-b16a-005056956277,2014 IRONMAN 70.3 Hawaii,f74852b5-7a15-e311-9ec7-005056956277,5/31/2014,2014,
im703-hawaii,5398aa20-f278-e111-b16a-005056956277,2015 IRONMAN 70.3 Hawaii,e21f2918-40df-446b-8182-afe2000eb6b4,5/30/2015,2015,
im703-hawaii,5398aa20-f278-e111-b16a-005056956277,2016 IRONMAN 70.3 Hawaii,1a3f6c3b-c020-e511-9403-005056951bf1,6/4/2016,2016,
im703-hawaii,5398aa20-f278-e111-b16a-005056956277,2017 IRONMAN 70.3 Hawaii,2124392f-1f45-e611-940f-005056951bf1,6/3/2017,2017,
im703-hawaii,5398aa20-f278-e111-b16a-005056956277,2018 IRONMAN 70.3 Hawaii,d338bbab-8983-e711-9419-005056951bf1,6/2/2018,2018,
im703-hawaii,5398aa20-f278-e111-b16a-005056956277,2019 IRONMAN 70.3 Hawaii,8c99c5bb-16a2-e811-a960-000d3a36478d,6/1/2019,2019,
im703-hawaii,5398aa20-f278-e111-b16a-005056956277,2021 IRONMAN 70.3 Hawaii,ecbcba01-8dbc-4765-8b40-c9c918f6be8a,6/5/2021,2021,
im703-hawaii,5398aa20-f278-e111-b16a-005056956277,2022 IRONMAN 70.3 Hawaii,eb94f177-ed20-4fb1-80e7-3ac0e69d848a,6/4/2022,2022,
im703-hawaii,5398aa20-f278-e111-b16a-005056956277,2023 IRONMAN 70.3 Hawaii,7dfbd00b-2bf2-49ad-8795-065df9e6b0b0,6/3/2023,2023,
im703-hawaii,5398aa20-f278-e111-b16a-005056956277,2024 IRONMAN 70.3 Hawaii,13fcb784-c058-4df2-8ea3-683aecfa675d,6/1/2024,2024,
im703-hawaii,5398aa20-f278-e111-b16a-005056956277,2025 IRONMAN 70.3 Hawaii,cb9654b6-2176-479b-bc7e-f38bc8e150ae,5/31/2025,2025,
im703-japan,966a0110-9961-4dcf-bea0-4d9b97a3f7b3,2023 IRONMAN 70.3 Higashimikawa Japan,b2a05476-7086-4c2c-ac05-ee6568a7309c,6/10/2023,2023,
im703-kenting,89d75720-a6a0-4985-a20d-5bcf468c99f6,2021 IRONMAN 70.3 Kenting,dde60a7f-d41b-43ab-9730-1f4ba2330679,4/25/2021,2021,
im703-kenting,89d75720-a6a0-4985-a20d-5bcf468c99f6,2022 IRONMAN 70.3 Kenting,640c30e8-d501-4d7c-8df8-15a6765adf74,10/2/2022,2022,
im703-kenting,89d75720-a6a0-4985-a20d-5bcf468c99f6,2023 IRONMAN 70.3 Kenting,4d9d8903-3b94-4e48-9bc0-8363186ea89d,10/29/2023,2023,
im703-kenting,89d75720-a6a0-4985-a20d-5bcf468c99f6,2024 IRONMAN 70.3 Kenting,3eef74eb-c459-4eff-9c9d-827bea775793,10/6/2024,2024,
im703-kenting,89d75720-a6a0-4985-a20d-5bcf468c99f6,2025 IRONMAN 70.3 Kenting,77208bc8-7837-4736-b2fe-b4f41f85a1fb,11/2/2025,2025,
im703-knokke-heist,9a8052e4-602f-4269-943f-5a40a28a9969,2023 IRONMAN 70.3 Knokke-Heist,1d88c207-fabe-428c-8c4c-77fe8c7d8726,9/17/2023,2023,
im703-knokke-heist,9a8052e4-602f-4269-943f-5a40a28a9969,2024 IRONMAN 70.3 Knokke-Heist,04a493eb-3339-4ccf-9dff-1bd450b19c27,9/8/2024,2024,
im703-knokke-heist,9a8052e4-602f-4269-943f-5a40a28a9969,2025 IRONMAN 70.3 Knokke-Heist,a5b5af7f-162f-4b4c-8af4-e3a00f92ede0,9/7/2025,2025,
im703-kraichgau,7b9d72b1-f044-e411-93f8-005056951bf1,2015 IRONMAN 70.3 Kraichgau,47fd0416-f144-e411-93f8-005056951bf1,6/7/2015,2015,
im703-kraichgau,7b9d72b1-f044-e411-93f8-005056951bf1,2015 5150 Kraichgau,e175fd50-f144-e411-93f8-005056951bf1,6/7/2015,2015,
im703-kraichgau,7b9d72b1-f044-e411-93f8-005056951bf1,2016 IRONMAN 70.3 Kraichgau,8179dc29-942c-e511-9403-005056951bf1,6/5/2016,2016,
im703-kraichgau,7b9d72b1-f044-e411-93f8-005056951bf1,2016 5150 Kraichgau,8e3e1c74-1457-e511-9409-005056951bf1,6/5/2016,2016,
im703-kraichgau,7b9d72b1-f044-e411-93f8-005056951bf1,2017 IRONMAN 70.3 Kraichgau,43d381e1-1345-e611-940f-005056951bf1,6/11/2017,2017,
im703-kraichgau,7b9d72b1-f044-e411-93f8-005056951bf1,2017 5150 Kraichgau,ddd390da-b585-e611-9410-005056951bf1,6/11/2017,2017,
im703-kraichgau,7b9d72b1-f044-e411-93f8-005056951bf1,2018 IRONMAN 70.3 Kraichgau,3ee31510-ce61-e711-9418-005056951bf1,6/3/2018,2018,
im703-kraichgau,7b9d72b1-f044-e411-93f8-005056951bf1,2018 5150 Kraichgau,d6539912-73a1-e711-9419-005056951bf1,6/3/2018,2018,
im703-kraichgau,7b9d72b1-f044-e411-93f8-005056951bf1,2019 5150 Kraichgau,45c117aa-5de3-e811-a965-000d3a3749bc,6/2/2019,2019,
im703-kraichgau,7b9d72b1-f044-e411-93f8-005056951bf1,2019 IRONMAN 70.3 Kraichgau,57437a4e-cb89-e811-941f-005056951bf1,6/2/2019,2019,
im703-kraichgau,7b9d72b1-f044-e411-93f8-005056951bf1,2022 IRONMAN 70.3 Kraichgau,e5cd015c-7ca0-4a1c-b334-683fc2ee7f5f,5/29/2022,2022,
im703-kraichgau,7b9d72b1-f044-e411-93f8-005056951bf1,2023 IRONMAN 70.3 Kraichgau,cf9cd1bd-c45b-4b80-9e94-bb07529df6f2,5/21/2023,2023,
im703-kraichgau,7b9d72b1-f044-e411-93f8-005056951bf1,2024 IRONMAN 70.3 Kraichgau,971c5bb8-4616-4f21-8088-46d6265733f6,5/26/2024,2024,
im703-kraichgau,7b9d72b1-f044-e411-93f8-005056951bf1,2025 IRONMAN 70.3 Kraichgau,8d7662e2-29f1-4d3e-9c4b-eb25a4d86af1,5/25/2025,2025,
im703-louisville,17d618ca-6a56-4aae-bda6-7c221acdbb7c,2024 IRONMAN 70.3 Louisville,fe0101d8-7150-4e0a-839f-6b81ff6af3c6,8/18/2024,2024,
im703-louisville,17d618ca-6a56-4aae-bda6-7c221acdbb7c,2025 IRONMAN 70.3 Louisville,f4f634e6-72c1-416f-9c1a-40a381fccff6,8/17/2025,2025,
im703-maine,40494fab-1aa5-e611-9410-005056951bf1,2017 IRONMAN 70.3 Maine,ac0c57ef-1aa5-e611-9410-005056951bf1,8/27/2017,2017,
im703-maine,40494fab-1aa5-e611-9410-005056951bf1,2018 IRONMAN 70.3 Maine,d7706c3a-72a7-e711-9419-005056951bf1,8/26/2018,2018,
im703-maine,40494fab-1aa5-e611-9410-005056951bf1,2019 IRONMAN 70.3 Maine,bbbb19f5-88c1-e811-a963-000d3a3749bc,8/25/2019,2019,
im703-maine,40494fab-1aa5-e611-9410-005056951bf1,2021 IRONMAN 70.3 Maine,4efb8a4a-3aec-4bd9-a741-bf7c5bb89adb,8/29/2021,2021,
im703-maine,40494fab-1aa5-e611-9410-005056951bf1,2022 IRONMAN 70.3 Maine,8dfdbf2e-4730-44b6-ab0a-af6c4cb64988,7/31/2022,2022,
im703-maine,40494fab-1aa5-e611-9410-005056951bf1,2023 IRONMAN 70.3 Maine,79e68221-3d59-46a2-b042-f347e0692868,7/30/2023,2023,
im703-maine,40494fab-1aa5-e611-9410-005056951bf1,2024 IRONMAN 70.3 Maine,34bde565-2345-478c-8b8f-544d18f3c20d,7/28/2024,2024,
im703-maine,40494fab-1aa5-e611-9410-005056951bf1,2025 IRONMAN 70.3 Maine,dbef5370-8d4c-49bd-9508-302990a539da,7/27/2025,2025,
im703-mallorca,5d98aa20-f278-e111-b16a-005056956277,2011 IRONMAN 70.3 Mallorca: Triathlon,e116d0b1-4eae-e111-80ae-005056956277,5/14/2011,2011,
im703-mallorca,5d98aa20-f278-e111-b16a-005056956277,2012 IRONMAN 70.3 Mallorca: Triathlon,ff17d0b1-4eae-e111-80ae-005056956277,5/12/2012,2012,
im703-mallorca,5d98aa20-f278-e111-b16a-005056956277,2013 IRONMAN 70.3 Mallorca: Triathlon,02626994-3055-e211-b7a2-005056956277,5/11/2013,2013,
im703-mallorca,5d98aa20-f278-e111-b16a-005056956277,2014 IRONMAN 70.3 Mallorca,fe4852b5-7a15-e311-9ec7-005056956277,5/10/2014,2014,
im703-mallorca,5d98aa20-f278-e111-b16a-005056956277,2015 IRONMAN 70.3 Mallorca,5db0ed4c-7848-4b06-a89f-14f73370dbf3,5/9/2015,2015,
im703-mallorca,5d98aa20-f278-e111-b16a-005056956277,2016 IRONMAN 70.3 Mallorca,2f990751-bf20-e511-9403-005056951bf1,5/7/2016,2016,
im703-mallorca,5d98aa20-f278-e111-b16a-005056956277,2017 IRONMAN 70.3 Mallorca,520b5196-473a-e611-940f-005056951bf1,5/13/2017,2017,
im703-mallorca,5d98aa20-f278-e111-b16a-005056956277,2018 IRONMAN 70.3 Mallorca,df4e2f37-066b-e711-9418-005056951bf1,5/12/2018,2018,
im703-mallorca,5d98aa20-f278-e111-b16a-005056956277,2019 IRONMAN 70.3 Mallorca,7a74a065-c889-e811-941f-005056951bf1,5/11/2019,2019,
im703-mallorca,5d98aa20-f278-e111-b16a-005056956277,2021 IRONMAN 70.3 Mallorca Bike-Run,2574a438-2b70-472f-b043-4596f7131157,10/16/2021,2021,
im703-mallorca,5d98aa20-f278-e111-b16a-005056956277,2021 IRONMAN 70.3 Mallorca,a4b881a1-b04a-4d83-9427-65d23f53777d,10/16/2021,2021,
im703-mallorca,5d98aa20-f278-e111-b16a-005056956277,2022 IRONMAN 70.3 Mallorca,f29efe58-05b8-4106-9c17-704fc2d80208,5/7/2022,2022,
im703-mallorca,5d98aa20-f278-e111-b16a-005056956277,2023 IRONMAN 70.3 Mallorca,566d3149-da1e-4842-abbb-2b95dae023cf,5/13/2023,2023,
im703-mallorca,5d98aa20-f278-e111-b16a-005056956277,2023 IRONMAN 70.3 Mallorca DO-NOT-USE (see notes),a1b28f02-7139-4135-80f9-1857a7aad524,5/13/2023,2023,
im703-mallorca,5d98aa20-f278-e111-b16a-005056956277,2024 IRONMAN 70.3 Alcúdia-Mallorca,65614825-bc08-495a-9d77-cab42c8265ae,5/11/2024,2024,
im703-mallorca,5d98aa20-f278-e111-b16a-005056956277,2025 IRONMAN 70.3 Alcúdia-Mallorca,4db17435-c87f-45ce-b8f8-64260d4ff21f,5/10/2025,2025,
im703-marathon,372808eb-839a-4a2d-bf7c-d090eca0714f,"2024 IRONMAN 70.3 Marathon, Greece",6b211d6b-0332-46db-bedc-2b191f58fe5b,10/20/2024,2024,
im703-marathon,372808eb-839a-4a2d-bf7c-d090eca0714f,"2025 IRONMAN 70.3 Costa Navarino, Peloponnese, Greece",64898c01-9906-40e8-8489-3292efe293f5,10/26/2025,2025,
im703-melbourne,ca57aaf3-5a31-ea11-a810-000d3a5a1477,2022 IRONMAN 70.3 Melbourne,1c2d90d3-3fd3-4989-bbfc-5e636cbabebf,3/20/2022,2022,
im703-melbourne,ca57aaf3-5a31-ea11-a810-000d3a5a1477,2022 IRONMAN 70.3 Melbourne November,ac50173f-682f-4459-84ff-09352599641d,11/13/2022,2022,
im703-melbourne,ca57aaf3-5a31-ea11-a810-000d3a5a1477,2023 IRONMAN 70.3 Melbourne,3887a9fc-399e-433a-b5d5-3e2eab4e0ee6,11/12/2023,2023,
im703-melbourne,ca57aaf3-5a31-ea11-a810-000d3a5a1477,2024 IRONMAN 70.3 Melbourne,f1613e4f-6cdd-4f25-a77e-253fefee00e4,11/10/2024,2024,
im703-melbourne,ca57aaf3-5a31-ea11-a810-000d3a5a1477,2025 Aquabike 70.3 Melbourne,148c922d-3496-4743-bdf6-75bb74acbbda,11/9/2025,2025,
im703-melbourne,ca57aaf3-5a31-ea11-a810-000d3a5a1477,2025 IRONMAN 70.3 Melbourne,383c17df-a990-4c0f-bbba-4f8e4a53f00a,11/9/2025,2025,
im703-michigan,20ac93b1-5db7-e811-a967-000d3a37468c,2019 IRONMAN 70.3 Traverse City,09df055b-5eb7-e811-a967-000d3a37468c,8/25/2019,2019,
im703-michigan,20ac93b1-5db7-e811-a967-000d3a37468c,2021 IRONMAN 70.3 Michigan,e22bebf3-f9cd-486a-8e53-270daeb02b59,9/12/2021,2021,
im703-michigan,20ac93b1-5db7-e811-a967-000d3a37468c,2022 IRONMAN 70.3 Michigan,6bc4a8d8-a343-405a-8838-0d1a8fefd111,9/11/2022,2022,
im703-michigan,20ac93b1-5db7-e811-a967-000d3a37468c,2023 IRONMAN 70.3 Michigan,4b572b09-6c6e-4f74-a708-e26430db3dbf,9/17/2023,2023,
im703-michigan,20ac93b1-5db7-e811-a967-000d3a37468c,2024 IRONMAN 70.3 Michigan,432ffccc-4011-4066-a4f9-955231369e17,9/15/2024,2024,
im703-michigan,20ac93b1-5db7-e811-a967-000d3a37468c,2025 IRONMAN 70.3 Michigan,ea01b4d9-1bf6-4a1d-b7a7-f3b489f2fbd0,9/14/2025,2025,
im703-mont-tremblant,5397aa20-f278-e111-b16a-005056956277,2012 IRONMAN 70.3 Mont-Tremblant: Triathlon,b917d0b1-4eae-e111-80ae-005056956277,6/24/2012,2012,
im703-mont-tremblant,5397aa20-f278-e111-b16a-005056956277,2013 IRONMAN 70.3 Mont-Tremblant: Triathlon,e7616994-3055-e211-b7a2-005056956277,6/23/2013,2013,
im703-mont-tremblant,5397aa20-f278-e111-b16a-005056956277,2014 IRONMAN 70.3 Mont-Tremblant,014952b5-7a15-e311-9ec7-005056956277,6/22/2014,2014,
im703-mont-tremblant,5397aa20-f278-e111-b16a-005056956277,2015 IRONMAN 70.3 Mont-Tremblant,7ad34a56-2a14-48be-9f17-2d4ef4f5dd9a,6/21/2015,2015,
im703-mont-tremblant,5397aa20-f278-e111-b16a-005056956277,2016 5150 Mont-Tremblant,66c19e29-1648-e511-9409-005056951bf1,6/25/2016,2016,
im703-mont-tremblant,5397aa20-f278-e111-b16a-005056956277,2016 IRONMAN 70.3 Mont-Tremblant,8500ad69-2541-e511-9409-005056951bf1,6/26/2016,2016,
im703-mont-tremblant,5397aa20-f278-e111-b16a-005056956277,2017 IRONMAN 70.3 Mont-Tremblant,f56e2d01-c63e-e611-940f-005056951bf1,6/25/2017,2017,
im703-mont-tremblant,5397aa20-f278-e111-b16a-005056956277,2018 IRONMAN 70.3 Mont-Tremblant,b99735c1-6b62-e711-9418-005056951bf1,6/24/2018,2018,
im703-mont-tremblant,5397aa20-f278-e111-b16a-005056956277,2018 5150 Mont-Tremblant,dc2db09c-6899-e711-9419-005056951bf1,6/23/2018,2018,
im703-mont-tremblant,5397aa20-f278-e111-b16a-005056956277,2019 5150 Mont-Tremblant,cac04a7a-48c6-e811-a96a-000d3a35f53a,6/22/2019,2019,
im703-mont-tremblant,5397aa20-f278-e111-b16a-005056956277,2019 IRONMAN 70.3 Mont-Tremblant,cd82e990-6e80-e811-941f-005056951bf1,6/23/2019,2019,
im703-mont-tremblant,5397aa20-f278-e111-b16a-005056956277,2022 IRONMAN 70.3 Mont-Tremblant,e67aa96d-bb2a-41f5-97d0-e3e5a9ed33f1,6/26/2022,2022,
im703-mont-tremblant,5397aa20-f278-e111-b16a-005056956277,2023 IRONMAN 70.3 Mont-Tremblant,f72ca307-0795-4021-bf3e-7d6d7962c053,8/20/2023,2023,
im703-mont-tremblant,5397aa20-f278-e111-b16a-005056956277,2024 IRONMAN 70.3 Mont Tremblant,49e3a2a0-f4d7-492a-9fbe-489a98e535ae,6/23/2024,2024,
im703-mont-tremblant,5397aa20-f278-e111-b16a-005056956277,2024 IRONMAN 70.3 Mont Tremblant Bike-Run,ca0c2332-dcbc-409d-a8e8-a2b15bc0ec7b,6/23/2024,2024,
im703-mont-tremblant,5397aa20-f278-e111-b16a-005056956277,2025 IRONMAN 70.3 Mont Tremblant,0b8191e1-76de-427b-bc4a-78fefdcd90e6,6/22/2025,2025,
im703-monterrey,8ca744f9-e161-e311-8ba1-005056956277,2014 IRONMAN 70.3 Monterrey,9e99994e-e261-e311-8ba1-005056956277,3/16/2014,2014,
im703-monterrey,8ca744f9-e161-e311-8ba1-005056956277,2015 IRONMAN 70.3 Monterrey,1d5af7fd-9e6b-4f89-865a-da6fe13836ea,3/15/2015,2015,
im703-monterrey,8ca744f9-e161-e311-8ba1-005056956277,2016 IRONMAN 70.3 Monterrey,eab9739b-ddba-e511-940c-005056951bf1,3/20/2016,2016,
im703-monterrey,8ca744f9-e161-e311-8ba1-005056956277,2017 IRONMAN 70.3 Monterrey,e09b56de-267c-e611-9410-005056951bf1,5/14/2017,2017,
im703-monterrey,8ca744f9-e161-e311-8ba1-005056956277,2018 IRONMAN 70.3 Monterrey,7eacdfcb-9b7b-e711-9418-005056951bf1,5/13/2018,2018,
im703-monterrey,8ca744f9-e161-e311-8ba1-005056956277,2019 IRONMAN 70.3 Monterrey,53f54be3-c789-e811-941f-005056951bf1,5/12/2019,2019,
im703-monterrey,8ca744f9-e161-e311-8ba1-005056956277,2021 IRONMAN 70.3 Monterrey,63d19130-e0e0-4ec6-a462-2be04ac0bcba,11/7/2021,2021,
im703-monterrey,8ca744f9-e161-e311-8ba1-005056956277,2022 IRONMAN 70.3 Monterrey,d42359ab-41ae-43e3-af57-be6a5815b762,5/8/2022,2022,
im703-monterrey,8ca744f9-e161-e311-8ba1-005056956277,2023 IRONMAN 70.3 Monterrey,9d4dba6a-3554-4fe9-a06c-8d93266f8d21,4/23/2023,2023,
im703-monterrey,8ca744f9-e161-e311-8ba1-005056956277,2024 IRONMAN 70.3 Monterrey,17d934cd-7fab-45be-b120-6a9142ba40ac,4/14/2024,2024,
im703-monterrey,8ca744f9-e161-e311-8ba1-005056956277,2025 IRONMAN 70.3 Monterrey,f5f4bd7f-f02f-4e52-b08e-228bb17ee10b,3/2/2025,2025,
im703-monterrey,8ca744f9-e161-e311-8ba1-005056956277,2026 IRONMAN 70.3 Monterrey,8458ba56-5dfa-404a-86b2-7e1f19751a22,3/1/2026,2026,
im703-mossel-bay,c19dce8a-2f4b-460f-8816-f83f41f282b3,2022 IRONMAN 70.3 Mossel Bay,2fd2d764-4a59-4364-9395-07501869d733,11/6/2022,2022,
im703-mossel-bay,c19dce8a-2f4b-460f-8816-f83f41f282b3,2023 IRONMAN 70.3 Mossel Bay,ea4aa6ba-61de-4983-8449-49a4cf70f5e0,11/19/2023,2023,
im703-mossel-bay,c19dce8a-2f4b-460f-8816-f83f41f282b3,2024 IRONMAN 70.3 Mossel Bay,930b0a89-4038-4945-ac93-77eea268bf6c,11/17/2024,2024,
im703-mossel-bay,c19dce8a-2f4b-460f-8816-f83f41f282b3,2025 IRONMAN 70.3 Mossel Bay,8db1ed51-d623-4ce8-8976-e5fc25d78f39,11/16/2025,2025,
im703-muncie,6398aa20-f278-e111-b16a-005056956277,2011 IRONMAN 70.3 Muncie: Triathlon,8d16d0b1-4eae-e111-80ae-005056956277,7/9/2011,2011,
im703-muncie,6398aa20-f278-e111-b16a-005056956277,2012 IRONMAN 70.3 Muncie: Triathlon,a317d0b1-4eae-e111-80ae-005056956277,7/7/2012,2012,
im703-muncie,6398aa20-f278-e111-b16a-005056956277,2013 IRONMAN 70.3 Muncie: Triathlon,a995ab89-a3dd-e111-aa75-005056956277,7/13/2013,2013,
im703-muncie,6398aa20-f278-e111-b16a-005056956277,2014 IRONMAN 70.3 Muncie,024952b5-7a15-e311-9ec7-005056956277,7/12/2014,2014,
im703-muncie,6398aa20-f278-e111-b16a-005056956277,2015 IRONMAN 70.3 Muncie,ebe9bc7a-1db9-44f8-8a53-19830d3ef960,7/11/2015,2015,
im703-muncie,6398aa20-f278-e111-b16a-005056956277,2016 IRONMAN 70.3 Muncie,048075ea-1262-e511-9409-005056951bf1,7/9/2016,2016,
im703-muncie,6398aa20-f278-e111-b16a-005056956277,2017 IRONMAN 70.3 Muncie,4d02c1ed-517f-e611-9410-005056951bf1,7/8/2017,2017,
im703-muncie,6398aa20-f278-e111-b16a-005056956277,2018 IRONMAN 70.3 Muncie,93ecb0b5-11a2-e711-9419-005056951bf1,7/14/2018,2018,
im703-muncie,6398aa20-f278-e111-b16a-005056956277,2019 IRONMAN 70.3 Muncie,927c3e61-54b7-e811-a967-000d3a37468c,7/13/2019,2019,
im703-muncie,6398aa20-f278-e111-b16a-005056956277,2021 IRONMAN 70.3 Muncie,c8bb42e3-b744-4dd1-93c7-45f30fdfbe95,10/2/2021,2021,
im703-muncie,6398aa20-f278-e111-b16a-005056956277,2022 IRONMAN 70.3 Muncie,7a39afc4-8223-40d7-b1a3-dd9ef771c250,10/1/2022,2022,
im703-muncie,6398aa20-f278-e111-b16a-005056956277,2023 IRONMAN 70.3 Muncie,56e82fc5-b1b1-43a8-b5b7-c17b7b996cc2,9/30/2023,2023,
im703-muncie,6398aa20-f278-e111-b16a-005056956277,2024 IRONMAN 70.3 Muncie,3f1b43ca-e9f8-4585-ac76-608007533cc3,7/13/2024,2024,
im703-muncie,6398aa20-f278-e111-b16a-005056956277,2025 IRONMAN 70.3 Muncie,3ae94f1b-3487-4d83-bafc-c94ae740052e,7/12/2025,2025,
im703-muskoka,6598aa20-f278-e111-b16a-005056956277,2011 IRONMAN 70.3 Muskoka: Triathlon,4917d0b1-4eae-e111-80ae-005056956277,9/11/2011,2011,
im703-muskoka,6598aa20-f278-e111-b16a-005056956277,2012 IRONMAN 70.3 Muskoka: Triathlon,3518d0b1-4eae-e111-80ae-005056956277,9/9/2012,2012,
im703-muskoka,6598aa20-f278-e111-b16a-005056956277,2013 IRONMAN 70.3 Muskoka: Triathlon,18626994-3055-e211-b7a2-005056956277,9/8/2013,2013,
im703-muskoka,6598aa20-f278-e111-b16a-005056956277,2014 IRONMAN 70.3 Muskoka,034952b5-7a15-e311-9ec7-005056956277,9/7/2014,2014,
im703-muskoka,6598aa20-f278-e111-b16a-005056956277,2015 IRONMAN 70.3 Muskoka,b929aeba-b566-471f-b08a-e6002463ad6c,7/5/2015,2015,
im703-muskoka,6598aa20-f278-e111-b16a-005056956277,2016 IRONMAN 70.3 Muskoka,b89a676e-0f7f-e511-9409-005056951bf1,7/10/2016,2016,
im703-muskoka,6598aa20-f278-e111-b16a-005056956277,2017 IRONMAN 70.3 Muskoka,c4935271-9ee8-e611-9414-005056951bf1,7/9/2017,2017,
im703-muskoka,6598aa20-f278-e111-b16a-005056956277,2018 IRONMAN 70.3 Muskoka,4247d771-d3b4-e711-941b-005056951bf1,7/8/2018,2018,
im703-muskoka,6598aa20-f278-e111-b16a-005056956277,2019 IRONMAN 70.3 Muskoka,985ebde0-cbd6-e811-a968-000d3a37468c,7/7/2019,2019,
im703-muskoka,6598aa20-f278-e111-b16a-005056956277,2021 IRONMAN 70.3 Muskoka Duathlon,3cea444e-041b-4ff6-8135-affefbbda5d5,8/29/2021,2021,
im703-muskoka,6598aa20-f278-e111-b16a-005056956277,2021 IRONMAN 70.3 Muskoka,47ae989d-fa9b-44af-988b-76b387209ea0,8/29/2021,2021,
im703-muskoka,6598aa20-f278-e111-b16a-005056956277,2022 IRONMAN 70.3 Muskoka,f6cb50b2-0b8a-487a-8dd5-4609565ce866,7/10/2022,2022,
im703-muskoka,6598aa20-f278-e111-b16a-005056956277,2023 IRONMAN 70.3 Muskoka,49469810-b5fc-4d11-9a1e-2b1ec8b678d2,7/9/2023,2023,
im703-muskoka,6598aa20-f278-e111-b16a-005056956277,2024 IRONMAN 70.3 Muskoka,472c5b82-c6dd-49f6-8e8e-33c4ebd405ee,7/7/2024,2024,
im703-muskoka,6598aa20-f278-e111-b16a-005056956277,2025 IRONMAN 70.3 Muskoka,3ef00211-2d31-4a14-a6be-3cff7570d43a,7/6/2025,2025,
im703-musselman,f8b84893-cabe-e911-a980-000d3a3749bc,2021 IRONMAN 70.3 Musselman,f3b9bf4a-4539-4cc3-908b-1515578dec94,7/11/2021,2021,
im703-musselman,f8b84893-cabe-e911-a980-000d3a3749bc,2022 IRONMAN 70.3 Musselman Bike-Run,d15919d7-cf50-4f20-9d56-8918decfe2f9,7/10/2022,2022,
im703-musselman,f8b84893-cabe-e911-a980-000d3a3749bc,2022 IRONMAN 70.3 Musselman,fa50780f-02d4-4b0d-8131-1df24836ad88,7/10/2022,2022,
im703-musselman,f8b84893-cabe-e911-a980-000d3a3749bc,2023 IRONMAN 70.3 Musselman,0cab603e-b6bf-4a1d-a7c4-57b84cbd2f4e,7/9/2023,2023,
im703-musselman,f8b84893-cabe-e911-a980-000d3a3749bc,2024 IRONMAN 70.3 Musselman,068c2860-a07e-4751-9dd6-959cd3206592,7/14/2024,2024,
im703-musselman,f8b84893-cabe-e911-a980-000d3a3749bc,2025 IRONMAN 70.3 Musselman,ca5c4954-e274-4358-b921-868097a625cb,7/13/2025,2025,
im703-new-york,c7c8f92c-9cb1-4d76-9700-20c57ae28f17,2023 IRONMAN 70.3 New York,969f5eca-6c39-47d1-955c-a0868ac38a58,9/23/2023,2023,
im703-new-york,c7c8f92c-9cb1-4d76-9700-20c57ae28f17,2024 IRONMAN 70.3 New York,e4e5605e-9fd5-4aa6-ab3e-7fe1d7871327,9/28/2024,2024,
im703-new-york,c7c8f92c-9cb1-4d76-9700-20c57ae28f17,2025 IRONMAN 70.3 New York,d6d5f967-fe97-49ea-b497-c80584cce98c,9/20/2025,2025,
im703-new-zealand,f11b4433-9452-e711-9418-005056951bf1,2017 IRONMAN 70.3 New Zealand,eee5096f-85e1-e611-9414-005056951bf1,3/4/2017,2017,
im703-new-zealand,f11b4433-9452-e711-9418-005056951bf1,2018 IRONMAN 70.3 New Zealand,77fb22da-9452-e711-9418-005056951bf1,3/3/2018,2018,
im703-new-zealand,f11b4433-9452-e711-9418-005056951bf1,2019 IRONMAN 70.3 New Zealand,87b67534-e622-e811-941d-005056951bf1,3/2/2019,2019,
im703-new-zealand,f11b4433-9452-e711-9418-005056951bf1,2020 IRONMAN 70.3 New Zealand,f750ccc6-aa3e-e911-a974-000d3a36478d,3/7/2020,2020,
im703-new-zealand,f11b4433-9452-e711-9418-005056951bf1,2021 IRONMAN 70.3 New Zealand,6ad80410-1063-ea11-a811-000d3a5a1cf8,3/27/2021,2021,
im703-new-zealand,f11b4433-9452-e711-9418-005056951bf1,2022 IRONMAN 70.3 New Zealand,3701c834-8179-46fd-97ed-4c1f0dc3840f,12/10/2022,2022,
im703-new-zealand,f11b4433-9452-e711-9418-005056951bf1,2023 IRONMAN 70.3 New Zealand,3459b701-f925-408a-82c5-9a7308490db3,3/4/2023,2023,
im703-new-zealand,f11b4433-9452-e711-9418-005056951bf1,2024 IRONMAN 70.3 New Zealand,8c9ea8e7-e8c0-49d0-9319-5b277f56035a,3/2/2024,2024,
im703-new-zealand,f11b4433-9452-e711-9418-005056951bf1,2025 IRONMAN 70.3 New Zealand,f843f7f5-575b-4644-89e6-52969f634426,3/1/2025,2025,
im703-new-zealand,f11b4433-9452-e711-9418-005056951bf1,2026 IRONMAN 70.3 New Zealand,424232b3-487f-40f1-954c-790a49791343,3/7/2026,2026,
im703-new-zealand,f11b4433-9452-e711-9418-005056951bf1,2026 Aquabike 70.3 New Zealand,f648b82c-67a0-4c71-87f5-46d18c30e88e,3/7/2026,2026,
im703-nice,b40cebab-c4ad-e711-9419-005056951bf1,2018 IRONMAN 70.3 Nice,a75a0f1e-c5ad-e711-9419-005056951bf1,9/16/2018,2018,
im703-nice,b40cebab-c4ad-e711-9419-005056951bf1,2021 IRONMAN 70.3 Nice Bike-Run,2865ddca-a9c6-4bba-b78c-4a6c74933a83,9/12/2021,2021,
im703-nice,b40cebab-c4ad-e711-9419-005056951bf1,2021 IRONMAN 70.3 Nice,c1326ddc-9b48-4580-a911-176bdde44c31,9/12/2021,2021,
im703-nice,b40cebab-c4ad-e711-9419-005056951bf1,2022 IRONMAN 70.3 Nice,5316402b-3702-471e-b02d-a281fd963e42,6/26/2022,2022,
im703-nice,b40cebab-c4ad-e711-9419-005056951bf1,2023 IRONMAN 70.3 Nice,99f76aa0-8c0f-4638-b4f7-909c0aa300ce,6/25/2023,2023,
im703-nice,b40cebab-c4ad-e711-9419-005056951bf1,2024 IRONMAN 70.3 Nice,04e65ab7-7425-4cdd-80f9-fd10c0ecfb09,6/16/2024,2024,
im703-nice,b40cebab-c4ad-e711-9419-005056951bf1,2025 IRONMAN 70.3 Nice,9718158a-07b2-4ab6-99b8-d207c74cb432,6/29/2025,2025,
im703-north-carolina,e4a5a6b8-0d92-e511-9409-005056951bf1,2016 IRONMAN 70.3 North Carolina,af6f43e9-0d92-e511-9409-005056951bf1,10/22/2016,2016,
im703-north-carolina,e4a5a6b8-0d92-e511-9409-005056951bf1,2017 IRONMAN 70.3 North Carolina,5bf69039-d1b8-e611-9410-005056951bf1,10/21/2017,2017,
im703-north-carolina,e4a5a6b8-0d92-e511-9409-005056951bf1,2019 IRONMAN 70.3 North Carolina,aa5d74fd-9103-e911-a968-000d3a3749bc,10/19/2019,2019,
im703-north-carolina,e4a5a6b8-0d92-e511-9409-005056951bf1,2021 IRONMAN 70.3 North Carolina,822c0309-8267-41e7-9d66-b4745e64fe2c,10/23/2021,2021,
im703-north-carolina,e4a5a6b8-0d92-e511-9409-005056951bf1,2022 IRONMAN 70.3 North Carolina,7c8387a8-1512-4357-a32f-5ca16dea9fab,10/15/2022,2022,
im703-north-carolina,e4a5a6b8-0d92-e511-9409-005056951bf1,2023 IRONMAN 70.3 North Carolina,3493d41f-2d4d-4075-a7ed-18c2798a976d,10/21/2023,2023,
im703-north-carolina,e4a5a6b8-0d92-e511-9409-005056951bf1,2024 IRONMAN 70.3 North Carolina,e12fd041-e7e7-499c-9cb4-37887b5b40c2,10/19/2024,2024,
im703-north-carolina,e4a5a6b8-0d92-e511-9409-005056951bf1,2025 IRONMAN 70.3 North Carolina,2abe8e28-df19-4ec5-9ddc-9e2c86277ce4,10/25/2025,2025,
im703-oceanside,4798aa20-f278-e111-b16a-005056956277,2005 IRONMAN 70.3 California: Triathlon,ef13d0b1-4eae-e111-80ae-005056956277,3/19/2005,2005,
im703-oceanside,4798aa20-f278-e111-b16a-005056956277,2007 IRONMAN 70.3 California: Triathlon,9314d0b1-4eae-e111-80ae-005056956277,3/31/2007,2007,
im703-oceanside,4798aa20-f278-e111-b16a-005056956277,2008 IRONMAN 70.3 California: Triathlon,e714d0b1-4eae-e111-80ae-005056956277,3/29/2008,2008,
im703-oceanside,4798aa20-f278-e111-b16a-005056956277,2009 IRONMAN 70.3 California: Triathlon,0f15d0b1-4eae-e111-80ae-005056956277,4/4/2009,2009,
im703-oceanside,4798aa20-f278-e111-b16a-005056956277,2010 IRONMAN 70.3 California: Triathlon,eb15d0b1-4eae-e111-80ae-005056956277,3/27/2010,2010,
im703-oceanside,4798aa20-f278-e111-b16a-005056956277,2011 IRONMAN 70.3 California: Triathlon,3b16d0b1-4eae-e111-80ae-005056956277,4/2/2011,2011,
im703-oceanside,4798aa20-f278-e111-b16a-005056956277,2012 IRONMAN 70.3 California: Triathlon,e317d0b1-4eae-e111-80ae-005056956277,3/31/2012,2012,
im703-oceanside,4798aa20-f278-e111-b16a-005056956277,2013 IRONMAN 70.3 California: Triathlon,fca9e2e6-a7c6-e111-a494-005056956277,3/30/2013,2013,
im703-oceanside,4798aa20-f278-e111-b16a-005056956277,2014 IRONMAN 70.3 California / Oceanside,f14852b5-7a15-e311-9ec7-005056956277,3/29/2014,2014,
im703-oceanside,4798aa20-f278-e111-b16a-005056956277,2015 IRONMAN 70.3 California / Oceanside,f678023e-13c8-407e-bbdc-aa502b06cc77,3/28/2015,2015,
im703-oceanside,4798aa20-f278-e111-b16a-005056956277,2016 IRONMAN 70.3 California Oceanside,d62376e1-4e1f-e511-9403-005056951bf1,4/2/2016,2016,
im703-oceanside,4798aa20-f278-e111-b16a-005056956277,2017 IRONMAN 70.3 Oceanside California,029556f1-cf3e-e611-940f-005056951bf1,4/1/2017,2017,
im703-oceanside,4798aa20-f278-e111-b16a-005056956277,2018 IRONMAN 70.3 Oceanside,489a1f00-cd61-e711-9418-005056951bf1,4/7/2018,2018,
im703-oceanside,4798aa20-f278-e111-b16a-005056956277,2019 IRONMAN 70.3 Oceanside California,e39cd8e5-6e80-e811-941f-005056951bf1,4/6/2019,2019,
im703-oceanside,4798aa20-f278-e111-b16a-005056956277,2021 IRONMAN 70.3 Oceanside,86852764-7406-42f3-b4e8-de4444d09ede,10/30/2021,2021,
im703-oceanside,4798aa20-f278-e111-b16a-005056956277,2022 IRONMAN 70.3 Oceanside,42e17e72-c272-41b6-8f47-f1e3d01b7a60,4/2/2022,2022,
im703-oceanside,4798aa20-f278-e111-b16a-005056956277,2023 IRONMAN 70.3 Oceanside,10365b96-0bae-4ccc-abdc-54535af3c224,4/1/2023,2023,
im703-oceanside,4798aa20-f278-e111-b16a-005056956277,2024 IRONMAN 70.3 Oceanside,dc580efa-c1e4-4bdb-995d-ca0699d5db9e,4/6/2024,2024,
im703-oceanside,4798aa20-f278-e111-b16a-005056956277,2025 IRONMAN 70.3 Oceanside,ffbe9815-4733-44a1-b69c-f8a4762efcbf,4/5/2025,2025,
im703-ohio,0c4e3cef-3477-e511-9409-005056951bf1,2016 IRONMAN 70.3 Ohio,016181ae-3577-e511-9409-005056951bf1,8/21/2016,2016,
im703-ohio,0c4e3cef-3477-e511-9409-005056951bf1,2017 IRONMAN 70.3 Ohio,897b1c1c-789c-e611-9410-005056951bf1,7/30/2017,2017,
im703-ohio,0c4e3cef-3477-e511-9409-005056951bf1,2018 IRONMAN 70.3 Ohio,c23f71f7-11a2-e711-9419-005056951bf1,7/29/2018,2018,
im703-ohio,0c4e3cef-3477-e511-9409-005056951bf1,2019 IRONMAN 70.3 Ohio,a0b5b8d6-52b7-e811-a967-000d3a37468c,7/28/2019,2019,
im703-ohio,0c4e3cef-3477-e511-9409-005056951bf1,2021 IRONMAN 70.3 Ohio,4836a4d3-7fbf-47dd-bf87-f6a6274cc9ff,7/25/2021,2021,
im703-ohio,0c4e3cef-3477-e511-9409-005056951bf1,2022 IRONMAN 70.3 Ohio,604be70b-5d68-4166-b12b-2501183175d0,7/24/2022,2022,
im703-ohio,0c4e3cef-3477-e511-9409-005056951bf1,2023 IRONMAN 70.3 Ohio,c889b3e2-24db-4c87-9355-4eb020b6c090,7/23/2023,2023,
im703-ohio,0c4e3cef-3477-e511-9409-005056951bf1,2024 IRONMAN 70.3 Ohio,236f874b-4832-42a1-b16a-a1f381b548b9,7/21/2024,2024,
im703-ohio,0c4e3cef-3477-e511-9409-005056951bf1,2025 IRONMAN 70.3 Ohio,e87fc7a3-cf8d-4af2-8a23-f3766d3dc0c3,7/20/2025,2025,
im703-oman,d56de758-0895-e811-9421-005056951bf1,2019 IRONMAN 70.3 Oman,1f35beb2-0895-e811-9421-005056951bf1,3/1/2019,2019,
im703-oman,d56de758-0895-e811-9421-005056951bf1,2020 IRONMAN 70.3 Oman,6f4c381e-8c66-e911-a97a-000d3a36478d,2/21/2020,2020,
im703-oman,d56de758-0895-e811-9421-005056951bf1,2022 IRONMAN 70.3 Oman,c14c594a-a71d-4ab9-bddb-e273c429c824,2/25/2022,2022,
im703-oman,d56de758-0895-e811-9421-005056951bf1,2023 IRONMAN 70.3 Oman,c200edb9-c575-41ca-8ade-297433b8fe11,2/4/2023,2023,
im703-oman,d56de758-0895-e811-9421-005056951bf1,2024 IRONMAN 70.3 Oman,a501dc86-866f-4b5e-8315-acc33c1ecb34,2/17/2024,2024,
im703-oman,d56de758-0895-e811-9421-005056951bf1,2025 IRONMAN 70.3 Oman,e9342639-f10c-4ac9-b52b-6bc0af0e5cdb,2/8/2025,2025,
im703-oman,d56de758-0895-e811-9421-005056951bf1,2026 IRONMAN 70.3 Muscat,ad5cbf94-3076-4f2c-b995-b17d0641fd98,2/14/2026,2026,
im703-oregon,a2bd7104-f82f-42f2-8943-1265d315a160,2021 IRONMAN 70.3 Oregon,999ba657-1d2a-4ff3-916e-c200ffd9fef5,7/25/2021,2021,
im703-oregon,a2bd7104-f82f-42f2-8943-1265d315a160,2022 IRONMAN 70.3 Oregon,e9a444d6-19e4-4d31-a942-711e13906b1e,7/10/2022,2022,
im703-oregon,a2bd7104-f82f-42f2-8943-1265d315a160,2023 IRONMAN 70.3 Oregon,2abea98f-5d4c-45f6-88bd-6bdc410e7c7b,7/23/2023,2023,
im703-oregon,a2bd7104-f82f-42f2-8943-1265d315a160,2024 IRONMAN 70.3 Oregon,4a1ee310-0583-4649-953c-7042c73d6aa1,7/21/2024,2024,
im703-oregon,a2bd7104-f82f-42f2-8943-1265d315a160,2025 IRONMAN 70.3 Oregon,8f6716de-4036-427f-9e94-00d9e7ef8026,7/20/2025,2025,
im703-panama,6b98aa20-f278-e111-b16a-005056956277,2012 IRONMAN 70.3 Panama: Triathlon,8f17d0b1-4eae-e111-80ae-005056956277,2/12/2012,2012,
im703-panama,6b98aa20-f278-e111-b16a-005056956277,2013 IRONMAN 70.3 Panama: Triathlon,d9616994-3055-e211-b7a2-005056956277,2/3/2013,2013,
im703-panama,6b98aa20-f278-e111-b16a-005056956277,2014 IRONMAN 70.3 Panama,054952b5-7a15-e311-9ec7-005056956277,2/16/2014,2014,
im703-panama,6b98aa20-f278-e111-b16a-005056956277,2016 IRONMAN 70.3 Pan American Pro Championship Panama,170a1686-3dbc-e411-9400-005056951bf1,1/31/2016,2016,
im703-panama,6b98aa20-f278-e111-b16a-005056956277,2022 IRONMAN 70.3 Panama,f7fdde9a-c773-464f-872b-5725b50cfcd8,2/6/2022,2022,
im703-panama,6b98aa20-f278-e111-b16a-005056956277,2023 IRONMAN 70.3 Panama,640e92cb-82ad-42a9-b13c-6b131b749798,3/12/2023,2023,
im703-panama,6b98aa20-f278-e111-b16a-005056956277,2024 IRONMAN 70.3 Panama Latin American Tri Club Championship,231621b7-0658-46b6-aeb2-90beed50a61e,2/25/2024,2024,
im703-panama,6b98aa20-f278-e111-b16a-005056956277,2025 IRONMAN 70.3 Panama,cb0281cd-4be0-4e7c-8bba-74c99e1f7bf1,3/30/2025,2025,
im703-panama,6b98aa20-f278-e111-b16a-005056956277,2026 IRONMAN 70.3 Panama,dfbf0830-2184-48a9-a472-a75973104aa1,3/22/2026,2026,
im703-peru,12f25db3-5f74-e611-9410-005056951bf1,2017 IRONMAN 70.3 Peru,5bc187c4-6074-e611-9410-005056951bf1,4/23/2017,2017,
im703-peru,12f25db3-5f74-e611-9410-005056951bf1,2018 IRONMAN 70.3 Peru,8a53d55a-11a2-e711-9419-005056951bf1,4/22/2018,2018,
im703-peru,12f25db3-5f74-e611-9410-005056951bf1,2019 IRONMAN 70.3 Peru,e5f7550b-1c76-e811-941f-005056951bf1,4/14/2019,2019,
im703-peru,12f25db3-5f74-e611-9410-005056951bf1,2023 IRONMAN 70.3 Peru,852dc9af-e338-494d-b3a9-9049b9b1aa1d,4/23/2023,2023,
im703-peru,12f25db3-5f74-e611-9410-005056951bf1,2024 IRONMAN 70.3 Peru,816f9937-42fa-442a-847c-c79d601700f3,4/21/2024,2024,
im703-peru,12f25db3-5f74-e611-9410-005056951bf1,2025 IRONMAN 70.3 Peru,dad5df16-5e5d-4838-af15-e23c822eeeff,4/27/2025,2025,
im703-phu-quoc,854fec6c-e9e0-47a0-a9f9-855f9313cbc1,2023 IRONMAN 70.3 Phu Quoc,08ea2a8f-8aec-4757-a24d-cc084f926ac5,11/19/2023,2023,
im703-phu-quoc,854fec6c-e9e0-47a0-a9f9-855f9313cbc1,2024 IRONMAN 70.3 Phu Quoc,7914e389-23ea-4492-8e4f-fcdbd16b3814,11/17/2024,2024,
im703-phu-quoc,854fec6c-e9e0-47a0-a9f9-855f9313cbc1,2025 IRONMAN 70.3 Phu Quoc,3daa5b50-23eb-4460-9eb6-b6ffe8326cff,11/16/2025,2025,
im703-port-macquarie,7398aa20-f278-e111-b16a-005056956277,2011 IRONMAN 70.3 Port Macquarie: Triathlon,e316d0b1-4eae-e111-80ae-005056956277,5/1/2011,2011,
im703-port-macquarie,7398aa20-f278-e111-b16a-005056956277,2011 IRONMAN 70.3 Port Macquarie: Triathlon,ff16d0b1-4eae-e111-80ae-005056956277,11/6/2011,2011,
im703-port-macquarie,7398aa20-f278-e111-b16a-005056956277,2012 IRONMAN 70.3 Port Macquarie: Triathlon,1d18d0b1-4eae-e111-80ae-005056956277,10/27/2012,2012,
im703-port-macquarie,7398aa20-f278-e111-b16a-005056956277,2013 IRONMAN 70.3 Port Macquarie: Triathlon,0e626994-3055-e211-b7a2-005056956277,10/20/2013,2013,
im703-port-macquarie,7398aa20-f278-e111-b16a-005056956277,2014 IRONMAN 70.3 Port Macquarie,084952b5-7a15-e311-9ec7-005056956277,10/19/2014,2014,
im703-port-macquarie,7398aa20-f278-e111-b16a-005056956277,2015 IRONMAN 70.3 Port Macquarie,b7a6bf48-8a5c-49bb-82a9-6066d7204814,10/18/2015,2015,
im703-port-macquarie,7398aa20-f278-e111-b16a-005056956277,2016 IRONMAN 70.3 Port Macquarie,7652d772-0c7f-e511-9409-005056951bf1,5/1/2016,2016,
im703-port-macquarie,7398aa20-f278-e111-b16a-005056956277,2017 IRONMAN 70.3 Port Macquarie,b0f0c5d8-7168-e611-940f-005056951bf1,5/7/2017,2017,
im703-port-macquarie,7398aa20-f278-e111-b16a-005056956277,2018 IRONMAN 70.3 Port Macquarie,3d2ea7ea-c534-e711-9416-005056951bf1,5/6/2018,2018,
im703-port-macquarie,7398aa20-f278-e111-b16a-005056956277,2019 IRONMAN 70.3 Port Macquarie,7a89f6f6-f752-e811-941e-005056951bf1,5/5/2019,2019,
im703-port-macquarie,7398aa20-f278-e111-b16a-005056956277,2022 IRONMAN 70.3 Port Macquarie,1f262d18-a4f2-4844-b68d-cc8ebf1a3158,5/1/2022,2022,
im703-port-macquarie,7398aa20-f278-e111-b16a-005056956277,2023 IRONMAN 70.3 Port Macquarie,bfcc2cb7-3dbc-42a8-8d39-6b2ed4228442,5/7/2023,2023,
im703-port-macquarie,7398aa20-f278-e111-b16a-005056956277,2024 IRONMAN 70.3 Port Macquarie,68bc7b90-071d-4602-9d4c-12379cb2b9e3,5/5/2024,2024,
im703-port-macquarie,7398aa20-f278-e111-b16a-005056956277,2025 IRONMAN 70.3 Port Macquarie,4fe9765b-694c-416d-a604-6de989eac170,5/4/2025,2025,
im703-poznan,5a9a5b9c-f4ff-4dd5-9b1d-11b3379c427f,2022 IRONMAN 70.3 Poznan,5a96f2a0-119b-4f91-b095-16811260b7a0,9/4/2022,2022,
im703-poznan,5a9a5b9c-f4ff-4dd5-9b1d-11b3379c427f,2023 IRONMAN 70.3 Poznan,6f1ea1ea-d46a-49f9-a361-00303103f827,9/3/2023,2023,
im703-poznan,5a9a5b9c-f4ff-4dd5-9b1d-11b3379c427f,2024 IRONMAN 70.3 Poznan,ebac006c-00d6-4bd8-bc24-7910c179044d,9/1/2024,2024,
im703-poznan,5a9a5b9c-f4ff-4dd5-9b1d-11b3379c427f,2025 IRONMAN 70.3 Poznan,f36900d6-bf81-4b8c-9cee-8595e2f90adc,9/7/2025,2025,
im703-pucon,8397aa20-f278-e111-b16a-005056956277,2014 IRONMAN 70.3 Pucon,094952b5-7a15-e311-9ec7-005056956277,1/12/2014,2014,
im703-pucon,8397aa20-f278-e111-b16a-005056956277,2015 IRONMAN 70.3 Pucon,d4e3b1e8-49da-484d-bfc3-aee02a068f43,1/11/2015,2015,
im703-pucon,8397aa20-f278-e111-b16a-005056956277,2016 IRONMAN 70.3 Pucon,b82c94ba-dfba-e511-940c-005056951bf1,1/10/2016,2016,
im703-pucon,8397aa20-f278-e111-b16a-005056956277,2017 IRONMAN 70.3 Pucon,d16cfdbb-f9d2-e611-9412-005056951bf1,1/15/2017,2017,
im703-pucon,8397aa20-f278-e111-b16a-005056956277,2018 IRONMAN 70.3 Pucon,27468f10-b431-e711-9416-005056951bf1,1/14/2018,2018,
im703-pucon,8397aa20-f278-e111-b16a-005056956277,2019 IRONMAN 70.3 Pucon,3b7113d1-d64f-e811-941e-005056951bf1,1/13/2019,2019,
im703-pucon,8397aa20-f278-e111-b16a-005056956277,2022 IRONMAN 70.3 Pucon,9c820508-778b-4ade-99cc-70e96c2b5554,1/9/2022,2022,
im703-pucon,8397aa20-f278-e111-b16a-005056956277,2023 IRONMAN 70.3 Pucon,d3a4fcdc-bc4e-4422-ac03-5404edcbf683,1/8/2023,2023,
im703-pucon,8397aa20-f278-e111-b16a-005056956277,2024 IRONMAN 70.3 Pucon,d7e31506-79de-4180-a0f5-7bfe2c7ad47d,1/7/2024,2024,
im703-pucon,8397aa20-f278-e111-b16a-005056956277,2025 IRONMAN 70.3 Pucon,216f7847-b536-44f3-af45-af4259513a6a,1/12/2025,2025,
im703-pucon,8397aa20-f278-e111-b16a-005056956277,2026 IRONMAN 70.3 Pucon,5c899ab4-a63e-45e5-ae36-c4bc778f5b55,1/11/2026,2026,
im703-puerto-princesa,befc8af5-8303-436a-a7d1-2531e3218268,2022 IRONMAN 70.3 Puerto Princesa,d27beee4-ca77-4e09-a0ef-b91a8ed62284,11/13/2022,2022,
im703-puerto-princesa,befc8af5-8303-436a-a7d1-2531e3218268,2023 IRONMAN 70.3 Puerto Princesa,2b4ad192-20f2-48fa-8881-dceb8a12910f,11/12/2023,2023,
im703-puerto-princesa,befc8af5-8303-436a-a7d1-2531e3218268,2025 IRONMAN 70.3 Puerto Princesa,53049f1d-dbb1-4bae-9e31-97314ae44378,3/2/2025,2025,
im703-puerto-rico,7b98aa20-f278-e111-b16a-005056956277,2011 IRONMAN 70.3 San Juan: Triathlon,c916d0b1-4eae-e111-80ae-005056956277,3/19/2011,2011,
im703-puerto-rico,7b98aa20-f278-e111-b16a-005056956277,2012 IRONMAN 70.3 San Juan: Triathlon,e517d0b1-4eae-e111-80ae-005056956277,3/18/2012,2012,
im703-puerto-rico,7b98aa20-f278-e111-b16a-005056956277,2013 IRONMAN 70.3 San Juan: Triathlon,f8616994-3055-e211-b7a2-005056956277,3/17/2013,2013,
im703-puerto-rico,7b98aa20-f278-e111-b16a-005056956277,2014 IRONMAN 70.3 San Juan,0d4952b5-7a15-e311-9ec7-005056956277,4/13/2014,2014,
im703-puerto-rico,7b98aa20-f278-e111-b16a-005056956277,2015 IRONMAN 70.3 San Juan,04363105-3a0f-46ed-91ad-90b80ba24c59,3/15/2015,2015,
im703-puerto-rico,7b98aa20-f278-e111-b16a-005056956277,2016 IRONMAN 70.3 San Juan / Puerto Rico,e7e5375f-4205-e511-9401-005056951bf1,3/20/2016,2016,
im703-puerto-rico,7b98aa20-f278-e111-b16a-005056956277,2017 IRONMAN 70.3 Puerto Rico,717d1e4f-4818-e611-940d-005056951bf1,3/19/2017,2017,
im703-puerto-rico,7b98aa20-f278-e111-b16a-005056956277,2018 IRONMAN 70.3 Puerto Rico,c133282d-6699-e711-9419-005056951bf1,3/18/2018,2018,
im703-puerto-rico,7b98aa20-f278-e111-b16a-005056956277,2019 IRONMAN 70.3 Puerto Rico,d6747bb9-377e-e811-941f-005056951bf1,3/17/2019,2019,
im703-puerto-rico,7b98aa20-f278-e111-b16a-005056956277,2022 IRONMAN 70.3 Puerto Rico,6dbd5095-1cd9-40fc-a069-c02ce455dc85,3/20/2022,2022,
im703-puerto-rico,7b98aa20-f278-e111-b16a-005056956277,2023 IRONMAN 70.3 Puerto Rico,833f02ab-5e5a-460f-a4ee-82ab18601640,3/19/2023,2023,
im703-puerto-rico,7b98aa20-f278-e111-b16a-005056956277,2024 IRONMAN 70.3 Puerto Rico,8ccb303d-dc88-4de6-bc25-61093666f474,3/17/2024,2024,
im703-puerto-rico,7b98aa20-f278-e111-b16a-005056956277,2025 IRONMAN 70.3 Puerto Rico,19551b8a-21bc-4529-8fe2-3cabed8b05ae,3/16/2025,2025,
im703-puerto-rico,7b98aa20-f278-e111-b16a-005056956277,2026 IRONMAN 70.3 Puerto Rico,3045d54d-7e9b-4a75-9037-37dbbd5a1e5b,3/15/2026,2026,
im703-punta-del-este,1ed3ce8d-47bc-e411-9400-005056951bf1,2015 IRONMAN 70.3 Punta del Este,f4e944dd-47bc-e411-9400-005056951bf1,11/29/2015,2015,
im703-punta-del-este,1ed3ce8d-47bc-e411-9400-005056951bf1,2016 IRONMAN 70.3 Punta del Este,e94dee6d-e2ba-e511-940c-005056951bf1,11/27/2016,2016,
im703-punta-del-este,1ed3ce8d-47bc-e411-9400-005056951bf1,2017 IRONMAN 70.3 Punta Del Este,8b6cf837-4e20-e711-9415-005056951bf1,11/26/2017,2017,
im703-punta-del-este,1ed3ce8d-47bc-e411-9400-005056951bf1,2018 IRONMAN 70.3 Punta del Este,2511369b-06a2-e711-9419-005056951bf1,4/8/2018,2018,
im703-punta-del-este,1ed3ce8d-47bc-e411-9400-005056951bf1,2019 IRONMAN 70.3 Punta del Este,fd2d768d-de65-e811-941e-005056951bf1,4/7/2019,2019,
im703-punta-del-este,1ed3ce8d-47bc-e411-9400-005056951bf1,2023 IRONMAN 70.3 Punta del Este,41c55283-9a8f-4baa-9cd9-c922460d8510,3/5/2023,2023,
im703-punta-del-este,1ed3ce8d-47bc-e411-9400-005056951bf1,2024 IRONMAN 70.3 Punta del Este,2f6281f0-5bb4-4eb9-91a7-8633ca9f384e,3/3/2024,2024,
im703-punta-del-este,1ed3ce8d-47bc-e411-9400-005056951bf1,2025 IRONMAN 70.3 Punta del Este,187df8f1-d3fe-411e-8457-9d3961c5c4d0,3/9/2025,2025,
im703-punta-del-este,1ed3ce8d-47bc-e411-9400-005056951bf1,2026 IRONMAN 70.3 Punta del Este,07f6813e-c8ca-4250-8dd2-f72a45e9d588,3/8/2026,2026,
im703-rio-de-janeiro,a683daa8-c30e-e511-9401-005056951bf1,2015 IRONMAN 70.3 Rio de Janeiro,aebe3bfa-c30e-e511-9401-005056951bf1,10/4/2015,2015,
im703-rio-de-janeiro,a683daa8-c30e-e511-9401-005056951bf1,2016 IRONMAN 70.3 Rio de Janeiro,4417c70f-56a3-e511-940c-005056951bf1,11/6/2016,2016,
im703-rio-de-janeiro,a683daa8-c30e-e511-9401-005056951bf1,2017 IRONMAN 70.3 Rio de Janeiro,f8369c9a-9fad-e611-9410-005056951bf1,10/1/2017,2017,
im703-rio-de-janeiro,a683daa8-c30e-e511-9401-005056951bf1,2018 IRONMAN 70.3 Rio de Janeiro,f7a33c76-51b3-e711-941a-005056951bf1,9/30/2018,2018,
im703-rio-de-janeiro,a683daa8-c30e-e511-9401-005056951bf1,2019 IRONMAN 70.3 Rio de Janeiro,db315374-0c18-e911-a967-000d3a3740b7,9/22/2019,2019,
im703-rio-de-janeiro,a683daa8-c30e-e511-9401-005056951bf1,2022 IRONMAN 70.3 Rio de Janeiro,afa21842-0a3b-4373-a770-9ddf5b9064b4,7/3/2022,2022,
im703-rio-de-janeiro,a683daa8-c30e-e511-9401-005056951bf1,2023 IRONMAN 70.3 Rio de Janeiro,b79e1ba4-eaa3-4760-a044-7b9d603a1b79,7/9/2023,2023,
im703-rio-de-janeiro,a683daa8-c30e-e511-9401-005056951bf1,2024 IRONMAN 70.3 Rio de Janeiro,ef6ada40-f8f4-4102-b0b1-7153c55d9e40,6/23/2024,2024,
im703-rio-de-janeiro,a683daa8-c30e-e511-9401-005056951bf1,2025 IRONMAN 70.3 Rio de Janeiro,db5290c2-3822-4eee-b2f8-7d4f66bd4e86,8/10/2025,2025,
im703-rwanda,5f9e8cd3-1e05-4d4b-953a-f2596a6d8f44,2022 IRONMAN 70.3 Rwanda,d7dd90d7-62d7-4084-ba33-4bcf22f03295,8/14/2022,2022,
im703-rwanda,5f9e8cd3-1e05-4d4b-953a-f2596a6d8f44,2023 IRONMAN 70.3 Rwanda,198be077-2acc-4140-b6b8-1ebda01f70c5,8/5/2023,2023,
im703-rwanda,5f9e8cd3-1e05-4d4b-953a-f2596a6d8f44,2024 IRONMAN 70.3 Rwanda,8516992e-4f4a-48a1-bc27-306edafd337f,8/4/2024,2024,
im703-san-juan,a926121d-f2bf-428b-98d9-8574b4a7befd,2022 IRONMAN 70.3 San Juan,de2fc22b-5401-4428-aa77-f851f9deac66,3/27/2022,2022,
im703-san-juan,a926121d-f2bf-428b-98d9-8574b4a7befd,2023 IRONMAN 70.3 San Juan,e0b839c7-26b3-4a3f-ad00-92ed82ce33da,3/26/2023,2023,
im703-san-juan,a926121d-f2bf-428b-98d9-8574b4a7befd,2024 IRONMAN 70.3 San Juan,e7a896ee-a81a-4c1e-a920-0a0428a50205,4/7/2024,2024,
im703-san-juan,a926121d-f2bf-428b-98d9-8574b4a7befd,2025 IRONMAN 70.3 San Juan,f7a62c6d-4a18-4ad7-9cd6-c63e62996eff,4/6/2025,2025,
im703-santa-cruz,76fcef91-46b1-e411-9400-005056951bf1,2015 IRONMAN 70.3 Santa Cruz,e4e2f028-47b1-e411-9400-005056951bf1,9/13/2015,2015,
im703-santa-cruz,76fcef91-46b1-e411-9400-005056951bf1,2016 IRONMAN 70.3 Santa Cruz,28d095ef-7498-e511-9409-005056951bf1,9/11/2016,2016,
im703-santa-cruz,76fcef91-46b1-e411-9400-005056951bf1,2017 IRONMAN 70.3 Santa Cruz,e6bd53d6-23bb-e611-9410-005056951bf1,9/10/2017,2017,
im703-santa-cruz,76fcef91-46b1-e411-9400-005056951bf1,2018 IRONMAN 70.3 Santa Cruz,3eaecef5-26ce-e711-941b-005056951bf1,9/9/2018,2018,
im703-santa-cruz,76fcef91-46b1-e411-9400-005056951bf1,2019 IRONMAN 70.3 Santa Cruz,970620a8-18e8-e811-a965-000d3a3749bc,9/8/2019,2019,
im703-santa-cruz,76fcef91-46b1-e411-9400-005056951bf1,2021 IRONMAN 70.3 Santa Cruz,e3918498-a5d4-409c-9d40-bccd22f4b183,9/12/2021,2021,
im703-santa-cruz,76fcef91-46b1-e411-9400-005056951bf1,2022 IRONMAN 70.3 Santa Cruz,2a2a1fe9-1308-4e8a-afdb-2d053f0a9fdb,9/11/2022,2022,
im703-santa-cruz,76fcef91-46b1-e411-9400-005056951bf1,2023 IRONMAN 70.3 Santa Cruz,47de4ddb-f2a3-4862-8df6-0e8d40bc4a2a,9/10/2023,2023,
im703-santa-cruz,76fcef91-46b1-e411-9400-005056951bf1,2024 IRONMAN 70.3 Santa Cruz,74d3d1bf-f05d-46a8-9240-c6abfe1fb061,9/8/2024,2024,
im703-santa-cruz,76fcef91-46b1-e411-9400-005056951bf1,2025 IRONMAN 70.3 Santa Cruz,27004a41-e205-40e9-8449-edd83aee24ef,9/7/2025,2025,
im703-sunshine-coast,be8a13c2-88a0-e211-870b-005056956277,2013 IRONMAN 70.3 Sunshine Coast,be1d9606-89a0-e211-870b-005056956277,9/15/2013,2013,
im703-sunshine-coast,be8a13c2-88a0-e211-870b-005056956277,2014 IRONMAN 70.3 Sunshine Coast,124952b5-7a15-e311-9ec7-005056956277,9/14/2014,2014,
im703-sunshine-coast,be8a13c2-88a0-e211-870b-005056956277,2015 IRONMAN 70.3 Sunshine Coast,21d68c5b-d91a-43e1-95c2-814f8ff829bf,9/13/2015,2015,
im703-sunshine-coast,be8a13c2-88a0-e211-870b-005056956277,2017 IRONMAN 70.3 Sunshine Coast,0d01cf3a-95ef-e611-9414-005056951bf1,9/10/2017,2017,
im703-sunshine-coast,be8a13c2-88a0-e211-870b-005056956277,2018 IRONMAN 70.3 Sunshine Coast,20d0600d-d3b4-e711-941b-005056951bf1,8/26/2018,2018,
im703-sunshine-coast,be8a13c2-88a0-e211-870b-005056956277,2019 IRONMAN 70.3 Sunshine Coast,d2f702e4-f5a9-e811-a967-000d3a35f53a,9/8/2019,2019,
im703-sunshine-coast,be8a13c2-88a0-e211-870b-005056956277,2020 IRONMAN 70.3 Sunshine Coast,4f107089-c5d4-e911-a980-000d3a37468c,9/13/2020,2020,
im703-sunshine-coast,be8a13c2-88a0-e211-870b-005056956277,2021 IRONMAN 70.3 Sunshine Coast,62ebfe38-7e7a-4bb1-8769-73940a093b0e,9/12/2021,2021,
im703-sunshine-coast,be8a13c2-88a0-e211-870b-005056956277,2022 IRONMAN 70.3 Sunshine Coast,d3055cd8-bea5-4ea7-807d-15d8627d203b,9/11/2022,2022,
im703-sunshine-coast,be8a13c2-88a0-e211-870b-005056956277,2023 IRONMAN 70.3 Sunshine Coast,9561dcb3-ca01-4d8f-b7fe-18b799dd2427,9/10/2023,2023,
im703-sunshine-coast,be8a13c2-88a0-e211-870b-005056956277,2024 IRONMAN 70.3 Sunshine Coast,777a5f9f-de73-4586-85f5-e23de30a8e76,9/8/2024,2024,
im703-sunshine-coast,be8a13c2-88a0-e211-870b-005056956277,2025 IRONMAN 70.3 Sunshine Coast,4883d3b3-6d29-4375-bf36-1d61c6126faf,9/14/2025,2025,
im703-swansea,7f9774c3-b171-4a38-a2ee-afb15573054a,2022 IRONMAN 70.3 Swansea,701d9bbe-0831-4438-bc4e-633294a8c07a,8/7/2022,2022,
im703-swansea,7f9774c3-b171-4a38-a2ee-afb15573054a,2023 IRONMAN 70.3 Swansea,58779cf2-dc52-4b9c-ae92-5156c370b12e,7/16/2023,2023,
im703-swansea,7f9774c3-b171-4a38-a2ee-afb15573054a,2024 IRONMAN 70.3 Swansea,cd32f0f7-fb44-4476-b178-05c4fff7bb56,7/14/2024,2024,
im703-swansea,7f9774c3-b171-4a38-a2ee-afb15573054a,2025 IRONMAN 70.3 Swansea,8b695ceb-5d5a-43de-b6dc-389a836da5fd,7/13/2025,2025,
im703-switzerland,8998aa20-f278-e111-b16a-005056956277,2011 IRONMAN 70.3 Switzerland: Triathlon,bd16d0b1-4eae-e111-80ae-005056956277,6/5/2011,2011,
im703-switzerland,8998aa20-f278-e111-b16a-005056956277,2012 IRONMAN 70.3 Switzerland: Triathlon,d517d0b1-4eae-e111-80ae-005056956277,6/3/2012,2012,
im703-switzerland,8998aa20-f278-e111-b16a-005056956277,2013 IRONMAN 70.3 Switzerland: Triathlon,f4616994-3055-e211-b7a2-005056956277,6/2/2013,2013,
im703-switzerland,8998aa20-f278-e111-b16a-005056956277,2014 IRONMAN 70.3 Switzerland,134952b5-7a15-e311-9ec7-005056956277,6/1/2014,2014,
im703-switzerland,8998aa20-f278-e111-b16a-005056956277,2015 IRONMAN 70.3 Switzerland,215f4fb9-4424-48f3-9f2b-d6aba7c078cf,6/7/2015,2015,
im703-switzerland,8998aa20-f278-e111-b16a-005056956277,2016 IRONMAN 70.3 Switzerland,43daab53-1332-e511-9403-005056951bf1,6/5/2016,2016,
im703-switzerland,8998aa20-f278-e111-b16a-005056956277,2017 IRONMAN 70.3 Switzerland,6401aea4-c055-e611-940f-005056951bf1,6/11/2017,2017,
im703-switzerland,8998aa20-f278-e111-b16a-005056956277,2018 IRONMAN 70.3 Switzerland,9bc13d16-9277-e711-9418-005056951bf1,6/10/2018,2018,
im703-switzerland,8998aa20-f278-e111-b16a-005056956277,2019 IRONMAN 70.3 Switzerland,0110bd42-ef94-e811-9421-005056951bf1,6/2/2019,2019,
im703-switzerland,8998aa20-f278-e111-b16a-005056956277,2021 IRONMAN 70.3 Switzerland,a00ab9c9-481c-4cb8-967b-b86df162e176,8/8/2021,2021,
im703-switzerland,8998aa20-f278-e111-b16a-005056956277,2021 IRONMAN 70.3 Switzerland Bike-Run,fe1b58cd-d379-4a64-bdc6-eb51b28c63d2,8/8/2021,2021,
im703-switzerland,8998aa20-f278-e111-b16a-005056956277,2022 IRONMAN 70.3 Switzerland,3b12b880-6fdb-45aa-99e9-29e1099143e4,6/19/2022,2022,
im703-switzerland,8998aa20-f278-e111-b16a-005056956277,2023 IRONMAN 70.3 Switzerland,fdd29721-a47d-408b-b6c2-4bf0934a373c,6/11/2023,2023,
im703-switzerland,8998aa20-f278-e111-b16a-005056956277,2024 IRONMAN 70.3 Switzerland,3bb7a485-6d0d-4237-9bb1-ece82c93a317,6/2/2024,2024,
im703-switzerland,8998aa20-f278-e111-b16a-005056956277,2025 IRONMAN 70.3 Switzerland,6d0b6ef9-0f75-4a59-9945-eb6743a38ce1,6/1/2025,2025,
im703-tallinn,f3f8d4fc-0e48-420a-a50e-6e749b5ce83b,2020 IRONMAN 70.3 Tallinn,a33b7872-8da8-e911-a980-000d3a36478d,9/5/2020,2020,
im703-tallinn,f3f8d4fc-0e48-420a-a50e-6e749b5ce83b,2021 IRONMAN 70.3 Tallinn Bike-Run,614e9f4f-0c10-49f1-98a1-a66be3cef1a0,8/8/2021,2021,
im703-tallinn,f3f8d4fc-0e48-420a-a50e-6e749b5ce83b,2021 IRONMAN 70.3 Tallinn,9cfbe723-2501-4df3-9874-765a3400314b,8/8/2021,2021,
im703-tallinn,f3f8d4fc-0e48-420a-a50e-6e749b5ce83b,2022 IRONMAN 70.3 Tallinn,93fde213-f4fb-4b92-83ee-9d4a9886ee21,8/7/2022,2022,
im703-tallinn,f3f8d4fc-0e48-420a-a50e-6e749b5ce83b,2023 IRONMAN 70.3 European Championship Tallinn,3baa0bda-bf27-4929-acf7-785bb831085b,8/6/2023,2023,
im703-tallinn,f3f8d4fc-0e48-420a-a50e-6e749b5ce83b,2024 IRONMAN 70.3 Tallinn,8badc34f-fee3-4abb-bb1d-35c5600d560e,8/25/2024,2024,
im703-tallinn,f3f8d4fc-0e48-420a-a50e-6e749b5ce83b,2025 IRONMAN 70.3 Tallinn,a636a84c-fda7-4ce0-b469-b09bea4bcd97,8/24/2025,2025,
im703-texas,8f98aa20-f278-e111-b16a-005056956277,2010 IRONMAN 70.3 Texas: Triathlon,9315d0b1-4eae-e111-80ae-005056956277,4/25/2010,2010,
im703-texas,8f98aa20-f278-e111-b16a-005056956277,2011 IRONMAN 70.3 Texas: Triathlon,3f16d0b1-4eae-e111-80ae-005056956277,4/10/2011,2011,
im703-texas,8f98aa20-f278-e111-b16a-005056956277,2012 IRONMAN 70.3 Texas: Triathlon,5f17d0b1-4eae-e111-80ae-005056956277,4/1/2012,2012,
im703-texas,8f98aa20-f278-e111-b16a-005056956277,2013 IRONMAN 70.3 Texas: Triathlon,2c61215e-a1dd-e111-aa75-005056956277,4/7/2013,2013,
im703-texas,8f98aa20-f278-e111-b16a-005056956277,2014 IRONMAN 70.3 Texas,164952b5-7a15-e311-9ec7-005056956277,4/6/2014,2014,
im703-texas,8f98aa20-f278-e111-b16a-005056956277,2015 IRONMAN 70.3 Texas,7d8936f8-335f-4d87-8a7b-28e3db579866,4/26/2015,2015,
im703-texas,8f98aa20-f278-e111-b16a-005056956277,2016 IRONMAN 70.3 Texas,c08c12d9-4605-e511-9401-005056951bf1,4/10/2016,2016,
im703-texas,8f98aa20-f278-e111-b16a-005056956277,2017 IRONMAN 70.3 Texas,7beff767-f249-e611-940f-005056951bf1,4/2/2017,2017,
im703-texas,8f98aa20-f278-e111-b16a-005056956277,2018 IRONMAN 70.3 Texas,24c16832-0d6b-e711-9418-005056951bf1,4/8/2018,2018,
im703-texas,8f98aa20-f278-e111-b16a-005056956277,2019 IRONMAN 70.3 Texas,24dc0e64-dc91-e811-941f-005056951bf1,4/7/2019,2019,
im703-texas,8f98aa20-f278-e111-b16a-005056956277,2021 IRONMAN 70.3 Texas,76d2a06a-898b-4a43-a071-daaa37661f1e,4/11/2021,2021,
im703-texas,8f98aa20-f278-e111-b16a-005056956277,2022 IRONMAN 70.3 Texas,459ee5b4-7fe7-44ee-8992-1bdd7743bc46,4/3/2022,2022,
im703-texas,8f98aa20-f278-e111-b16a-005056956277,2023 IRONMAN 70.3 Texas,e869b857-f22d-45a2-af9f-a269a1728ad0,4/2/2023,2023,
im703-texas,8f98aa20-f278-e111-b16a-005056956277,2024 IRONMAN 70.3 Texas,7e1c6afa-b63a-4aa2-b935-fbc741fdbf3a,4/7/2024,2024,
im703-texas,8f98aa20-f278-e111-b16a-005056956277,2025 IRONMAN 70.3 Texas,0ab6595d-d661-4a4d-ad01-e06b95675cdc,4/6/2025,2025,
im703-turkey,3a513a94-c15e-e411-93fa-005056951bf1,2015 IRONMAN 70.3 Turkey,0bd942c4-c15e-e411-93fa-005056951bf1,10/25/2015,2015,
im703-turkey,3a513a94-c15e-e411-93fa-005056951bf1,2016 IRONMAN 70.3 Turkey,d1ad99b8-2083-e511-9409-005056951bf1,10/23/2016,2016,
im703-turkey,3a513a94-c15e-e411-93fa-005056951bf1,2017 IRONMAN 70.3 Turkey,ff3ed31a-c7d3-e611-9412-005056951bf1,10/15/2017,2017,
im703-turkey,3a513a94-c15e-e411-93fa-005056951bf1,2018 IRONMAN 70.3 Turkey,34e055b2-5117-e811-941d-005056951bf1,10/28/2018,2018,
im703-turkey,3a513a94-c15e-e411-93fa-005056951bf1,2019 IRONMAN 70.3 Turkey,86497c81-8d2f-e911-a970-000d3a37468c,11/3/2019,2019,
im703-turkey,3a513a94-c15e-e411-93fa-005056951bf1,2020 IRONMAN 70.3 Turkey,6790952f-5831-ea11-a810-000d3a5a1477,11/1/2020,2020,
im703-turkey,3a513a94-c15e-e411-93fa-005056951bf1,2021 IRONMAN 70.3 Turkey,06cfbe49-a6f1-4901-b4c7-1b7c4508b93f,10/31/2021,2021,
im703-turkey,3a513a94-c15e-e411-93fa-005056951bf1,2022 IRONMAN 70.3 Turkey,cd87739b-129d-4d8e-a733-2b132d487fa4,11/6/2022,2022,
im703-turkey,3a513a94-c15e-e411-93fa-005056951bf1,2023 IRONMAN 70.3 Turkey,5ca0d730-c4a2-4432-9225-d956ea545eac,10/29/2023,2023,
im703-turkey,3a513a94-c15e-e411-93fa-005056951bf1,2024 IRONMAN 70.3 Turkey,f11df8be-7d48-4444-90ef-a3b842fcff63,11/3/2024,2024,
im703-turkey,3a513a94-c15e-e411-93fa-005056951bf1,2025 IRONMAN 70.3 Türkiye,81dc1d5e-c292-42d8-8c2e-aa9858b18a57,11/2/2025,2025,
im703-valdivia,69e17fbc-46a5-40c4-a982-727831a0aa3a,2024 IRONMAN 70.3 Valdivia,b8e6eee3-edbf-437e-b66d-ac668c3482b4,11/17/2024,2024,
im703-valdivia,69e17fbc-46a5-40c4-a982-727831a0aa3a,2025 IRONMAN 70.3 Valdivia,bd35735e-db8f-49f9-b4d0-32ef228df3c4,11/30/2025,2025,
im703-valencia,51314bcd-4b2f-450e-b1f6-fb0dc6c5f609,2024 IRONMAN 70.3 Valencia,261f3355-28c7-4677-9c0c-4fccdf4c07e9,4/21/2024,2024,
im703-valencia,51314bcd-4b2f-450e-b1f6-fb0dc6c5f609,2025 IRONMAN 70.3 Valencia,a6ba3a9d-c8a6-4cfc-b591-da67e6cf84ca,4/27/2025,2025,
im703-venice-jesolo,9f68d6b4-c2fc-4082-ac82-b096b6890cb3,2021 IRONMAN 70.3 Venice-Jesolo,00a3cdd8-0237-40d1-b72b-934419398609,9/26/2021,2021,
im703-venice-jesolo,9f68d6b4-c2fc-4082-ac82-b096b6890cb3,2021 IRONMAN 70.3 Venice-Jesolo Bike-Run,89cc3786-13b2-4a1d-ae3f-027da6786868,9/26/2021,2021,
im703-venice-jesolo,9f68d6b4-c2fc-4082-ac82-b096b6890cb3,2022 IRONMAN 70.3 Venice-Jesolo,9d0c7adf-7d3b-495b-8c5a-6df8e7f8818d,10/9/2022,2022,
im703-venice-jesolo,9f68d6b4-c2fc-4082-ac82-b096b6890cb3,2023 IRONMAN 70.3 Venice-Jesolo,9aa45f7c-9da2-4540-9a5a-b129c590ad29,5/7/2023,2023,
im703-venice-jesolo,9f68d6b4-c2fc-4082-ac82-b096b6890cb3,2024 IRONMAN 70.3 Venice-Jesolo,ff817101-d041-436d-a446-652917c19092,5/5/2024,2024,
im703-venice-jesolo,9f68d6b4-c2fc-4082-ac82-b096b6890cb3,2025 IRONMAN 70.3 Venice-Jesolo,cdcf3d56-9d83-4809-b071-b961045c9c8b,5/4/2025,2025,
im703-vichy,4db33a98-76a5-e411-9400-005056951bf1,2015 IRONMAN 70.3 Vichy,ad264dda-76a5-e411-9400-005056951bf1,8/29/2015,2015,
im703-vichy,4db33a98-76a5-e411-9400-005056951bf1,2016 IRONMAN 70.3 Vichy,49a595a5-fb4f-e511-9409-005056951bf1,8/27/2016,2016,
im703-vichy,4db33a98-76a5-e411-9400-005056951bf1,2017 IRONMAN 70.3 Vichy,bdcc773d-8091-e611-9410-005056951bf1,8/26/2017,2017,
im703-vichy,4db33a98-76a5-e411-9400-005056951bf1,2018 IRONMAN 70.3 Vichy,bc3b8529-60a8-e711-9419-005056951bf1,8/25/2018,2018,
im703-vichy,4db33a98-76a5-e411-9400-005056951bf1,2019 IRONMAN 70.3 Vichy,8bf835cd-4cc6-e811-a96a-000d3a35f53a,8/24/2019,2019,
im703-vichy,4db33a98-76a5-e411-9400-005056951bf1,2021 IRONMAN 70.3 Vichy,6f1e9f11-54ce-4b46-89ad-c8154f7b98d3,8/21/2021,2021,
im703-vichy,4db33a98-76a5-e411-9400-005056951bf1,2021 IRONMAN 70.3 Vichy Bike-Run,b6d4124c-d14e-4c2d-963e-88b718c9d8f3,8/21/2021,2021,
im703-vichy,4db33a98-76a5-e411-9400-005056951bf1,2022 IRONMAN 70.3 Vichy,21fd83d1-c771-42fc-898a-366af92fabbc,8/20/2022,2022,
im703-vichy,4db33a98-76a5-e411-9400-005056951bf1,2023 IRONMAN 70.3 Vichy,63310100-2ab9-4ac7-b635-ab879968f1f9,8/19/2023,2023,
im703-vichy,4db33a98-76a5-e411-9400-005056951bf1,2023 IRONMAN 70.3 Vichy DO-NOT-USE (see notes),a281654d-b673-4e31-a4b9-9da04a8c417a,8/19/2023,2023,
im703-vichy,4db33a98-76a5-e411-9400-005056951bf1,2024 IRONMAN 70.3 Vichy,d0d11a9f-7ba1-4ae1-a308-556363546b25,9/1/2024,2024,
im703-vichy,4db33a98-76a5-e411-9400-005056951bf1,2025 IRONMAN 70.3 Vichy,bff11f8b-5b01-482f-8c43-9a0f50d5b394,8/24/2025,2025,
im703-victoria,4d5414be-32d2-e311-b4c2-005056956277,2014 Victoria Olympic,7a49a495-f8e0-e311-b4c2-005056956277,6/15/2014,2014,
im703-victoria,4d5414be-32d2-e311-b4c2-005056956277,2014 IRONMAN 70.3 Victoria,9366fe26-33d2-e311-b4c2-005056956277,6/15/2014,2014,
im703-victoria,4d5414be-32d2-e311-b4c2-005056956277,2015 IRONMAN 70.3 Victoria,5665441a-f635-4390-9548-907cba6c2874,6/14/2015,2015,
im703-victoria,4d5414be-32d2-e311-b4c2-005056956277,2016 IRONMAN 70.3 Victoria,5acff99d-6e3f-e511-9409-005056951bf1,6/12/2016,2016,
im703-victoria,4d5414be-32d2-e311-b4c2-005056956277,2017 IRONMAN 70.3 Victoria,5dffd5fb-fc75-e611-9410-005056951bf1,6/4/2017,2017,
im703-victoria,4d5414be-32d2-e311-b4c2-005056956277,2018 IRONMAN 70.3 Victoria,34ded219-7d83-e711-9419-005056951bf1,6/3/2018,2018,
im703-victoria,4d5414be-32d2-e311-b4c2-005056956277,2019 IRONMAN 70.3 Victoria,b7bd2f2d-1da2-e811-a960-000d3a3740b7,6/2/2019,2019,
im703-victoria,4d5414be-32d2-e311-b4c2-005056956277,2022 IRONMAN 70.3 Victoria,d33f0a79-6878-4030-ba58-4c3d11ff4a4e,5/29/2022,2022,
im703-victoria,4d5414be-32d2-e311-b4c2-005056956277,2023 IRONMAN 70.3 Victoria,5d44cf8b-ac43-4840-9568-63e380147c94,5/28/2023,2023,
im703-victoria,4d5414be-32d2-e311-b4c2-005056956277,2024 IRONMAN 70.3 Victoria,f3d82529-0b34-4f06-aff3-5402f54bf24f,5/26/2024,2024,
im703-victoria,4d5414be-32d2-e311-b4c2-005056956277,2025 IRONMAN 70.3 Victoria,cf462019-3508-4fe9-a38d-48a1dfc892cc,5/25/2025,2025,
im703-vietnam,7d32fb34-06b2-e411-9400-005056951bf1,2015 IRONMAN 70.3 Vietnam,84b91ecb-06b2-e411-9400-005056951bf1,5/10/2015,2015,
im703-vietnam,7d32fb34-06b2-e411-9400-005056951bf1,2016 IRONMAN 70.3 Vietnam,ab503ac8-c557-e511-9409-005056951bf1,5/8/2016,2016,
im703-vietnam,7d32fb34-06b2-e411-9400-005056951bf1,2017 IRONMAN 70.3 Vietnam,55b1ca34-136e-e611-940f-005056951bf1,5/7/2017,2017,
im703-vietnam,7d32fb34-06b2-e411-9400-005056951bf1,2018 IRONMAN 70.3 Vietnam,b2a4d90e-e48c-e711-9419-005056951bf1,5/13/2018,2018,
im703-vietnam,7d32fb34-06b2-e411-9400-005056951bf1,2019 IRONMAN 70.3 Vietnam,088df2fa-9ea7-e811-a961-000d3a3740b7,5/12/2019,2019,
im703-vietnam,7d32fb34-06b2-e411-9400-005056951bf1,2022 IRONMAN 70.3 Vietnam,4c083840-3ad5-4035-9b15-b60adbd06263,5/8/2022,2022,
im703-vietnam,7d32fb34-06b2-e411-9400-005056951bf1,2023 IRONMAN 70.3 Vietnam,b69d77c6-8fda-41e3-9ec9-b73d922b75a0,5/7/2023,2023,
im703-vietnam,7d32fb34-06b2-e411-9400-005056951bf1,2024 IRONMAN 70.3 Vietnam,61b00d71-b56a-489f-b74f-70eed34bde1a,5/12/2024,2024,
im703-vietnam,7d32fb34-06b2-e411-9400-005056951bf1,2025 IRONMAN 70.3 Da Nang,1a236cb2-01bb-4493-8bb9-9c1e34656adb,5/11/2025,2025,
im703-waco,ed0ed7f4-3fca-e711-941b-005056951bf1,2018 IRONMAN 70.3 Waco,a9375cc6-40ca-e711-941b-005056951bf1,10/28/2018,2018,
im703-waco,ed0ed7f4-3fca-e711-941b-005056951bf1,2019 IRONMAN 70.3 Waco,c9ad8486-9403-e911-a968-000d3a3749bc,10/27/2019,2019,
im703-waco,ed0ed7f4-3fca-e711-941b-005056951bf1,2021 IRONMAN 70.3 Waco,974f44a5-ce5f-45be-aab8-1446cc3e5fd8,10/24/2021,2021,
im703-waco,ed0ed7f4-3fca-e711-941b-005056951bf1,2022 IRONMAN 70.3 Waco,21e399c5-51c5-4420-8b7f-aa2c91dfe83d,10/16/2022,2022,
im703-waco,ed0ed7f4-3fca-e711-941b-005056951bf1,2023 IRONMAN 70.3 Waco,cc0a2ef2-daa0-47a8-a1a5-29d3159ad63f,10/15/2023,2023,
im703-waco,ed0ed7f4-3fca-e711-941b-005056951bf1,2024 IRONMAN 70.3 Waco,e42f12ce-2366-4beb-aadf-844c9142c76f,10/6/2024,2024,
im703-waco,ed0ed7f4-3fca-e711-941b-005056951bf1,2025 IRONMAN 70.3 Waco,a34c72f5-d303-4b85-bd36-bcc44f46c1c7,10/5/2025,2025,
im703-warsaw,b323092a-adef-4ffc-a093-ce89b8aed598,2021 IRONMAN 70.3 Warsaw,5ebb5765-ce57-4661-b4d5-fc760cebdcfd,9/5/2021,2021,
im703-warsaw,b323092a-adef-4ffc-a093-ce89b8aed598,2022 IRONMAN 70.3 Warsaw,8449aee9-90d4-4256-acf5-53eb4aef1149,6/12/2022,2022,
im703-warsaw,b323092a-adef-4ffc-a093-ce89b8aed598,2023 IRONMAN 70.3 Warsaw,0f531726-03f5-4cb9-b175-64adb2e61fab,6/11/2023,2023,
im703-warsaw,b323092a-adef-4ffc-a093-ce89b8aed598,2024 IRONMAN 70.3 Warsaw,153cfa15-b021-4f2b-b22a-d4dc560f4eb5,6/9/2024,2024,
im703-warsaw,b323092a-adef-4ffc-a093-ce89b8aed598,2025 IRONMAN 70.3 Warsaw,3b87ce72-18df-4451-9696-f8bb7fb6573e,6/8/2025,2025,
im703-western-australia,2c376cf3-2149-e611-940f-005056951bf1,2016 IRONMAN 70.3 Western Australia,a9e98add-2749-e611-940f-005056951bf1,12/4/2016,2016,
im703-western-australia,2c376cf3-2149-e611-940f-005056951bf1,2017 IRONMAN 70.3 Western Australia,e9b06d70-1ebb-e611-9410-005056951bf1,12/3/2017,2017,
im703-western-australia,2c376cf3-2149-e611-940f-005056951bf1,2018 IRONMAN 70.3 Western Australia,3941de8b-edd8-e711-941b-005056951bf1,12/2/2018,2018,
im703-western-australia,2c376cf3-2149-e611-940f-005056951bf1,2019 IRONMAN 70.3 Western Australia,465bf471-03f7-e811-a96d-000d3a35f53a,12/1/2019,2019,
im703-western-australia,2c376cf3-2149-e611-940f-005056951bf1,2021 IRONMAN 70.3 Western Australia,5523fe09-376e-4741-ad70-4a39500867fd,12/5/2021,2021,
im703-western-australia,2c376cf3-2149-e611-940f-005056951bf1,2022 IRONMAN 70.3 Western Australia,ac6a80bc-d7e0-4d22-8caa-1e0cd26544c8,12/4/2022,2022,
im703-western-australia,2c376cf3-2149-e611-940f-005056951bf1,2023 IRONMAN 70.3 Western Australia,49c80e6c-e114-46ef-b6b4-93af665ab478,12/3/2023,2023,
im703-western-australia,2c376cf3-2149-e611-940f-005056951bf1,2023 IRONMAN 70.3 Western Australia Aqua Bike,e1ba1939-cba3-4ee1-a0d5-0246627b376b,12/3/2023,2023,
im703-western-australia,2c376cf3-2149-e611-940f-005056951bf1,2024 IRONMAN 70.3 Western Australia,85f24fee-1fd1-4182-b566-f4374d9a0cf5,12/1/2024,2024,
im703-western-australia,2c376cf3-2149-e611-940f-005056951bf1,2025 IRONMAN 70.3 Western Australia,518f91e9-240d-41cb-a3ca-96d1d884e46b,12/7/2025,2025,
im703-western-australia,2c376cf3-2149-e611-940f-005056951bf1,2025 Aquabike 70.3 Western Australia,dba86a4d-1e9c-4f07-99a4-30379a22a9f6,12/7/2025,2025,
im703-western-massachusetts,bf860cb8-4efc-49f5-90f3-7e8d8ac13f18,2023 IRONMAN 70.3 Western Massachusetts,0854fcee-2eae-442d-ab09-eca21a1befc6,6/11/2023,2023,
im703-western-massachusetts,bf860cb8-4efc-49f5-90f3-7e8d8ac13f18,2024 IRONMAN 70.3 Western Massachusetts,392fa620-68fd-409c-a215-2f52a4c04ba3,6/9/2024,2024,
im703-western-massachusetts,bf860cb8-4efc-49f5-90f3-7e8d8ac13f18,2025 IRONMAN 70.3 Western Massachusetts,c446b07e-708e-43dd-9d47-d310ffc19658,6/8/2025,2025,
im703-western-sydney,39894f5e-25a6-e311-b5f4-005056956277,2014 IRONMAN 70.3 Western Sydney,3d91628a-25a6-e311-b5f4-005056956277,11/30/2014,2014,
im703-western-sydney,39894f5e-25a6-e311-b5f4-005056956277,2015 IRONMAN 70.3 Western Sydney,bf09a017-f4ea-4080-b4e4-3c9fcff8c2ba,11/29/2015,2015,
im703-western-sydney,39894f5e-25a6-e311-b5f4-005056956277,2016 IRONMAN 70.3 Western Sydney,87eb59ed-c4ea-e511-940c-005056951bf1,11/27/2016,2016,
im703-western-sydney,39894f5e-25a6-e311-b5f4-005056956277,2017 IRONMAN 70.3 Asia-Pacific Championship Western Sydney,40ef2db0-6a2e-e711-9415-005056951bf1,11/26/2017,2017,
im703-western-sydney,39894f5e-25a6-e311-b5f4-005056956277,2018 IRONMAN 70.3 Western Sydney,c18b94d9-bf44-e811-941e-005056951bf1,11/25/2018,2018,
im703-western-sydney,39894f5e-25a6-e311-b5f4-005056956277,2019 IRONMAN 70.3 Western Sydney,2f659974-0ef3-e811-a96e-000d3a36478d,11/24/2019,2019,
im703-western-sydney,39894f5e-25a6-e311-b5f4-005056956277,2022 IRONMAN 70.3 Western Sydney,133b9591-1ad8-41c5-9478-c9f3ad8d07c1,9/25/2022,2022,
im703-western-sydney,39894f5e-25a6-e311-b5f4-005056956277,2023 IRONMAN 70.3 Western Sydney,3a61ffb3-99dd-4a40-9996-7c9c997fafe7,9/24/2023,2023,
im703-western-sydney,39894f5e-25a6-e311-b5f4-005056956277,2024 IRONMAN 70.3 Western Sydney,e32094e4-cd4a-4999-a124-183fc3ab9e09,9/22/2024,2024,
im703-western-sydney,39894f5e-25a6-e311-b5f4-005056956277,2025 IRONMAN 70.3 Western Sydney,6910edea-d16d-48a7-851c-fd66e854358e,9/21/2025,2025,
im703-western-sydney,39894f5e-25a6-e311-b5f4-005056956277,2025 Aquabike 70.3 Western Sydney,886835f5-5d6d-4268-8358-4efefcab72c9,9/21/2025,2025,
im703-westfriesland,67d2b761-0eae-e911-a981-000d3a36478d,2021 IRONMAN 70.3 Westfriesland,cbb22e26-b737-47f7-9a0a-e540eb7c9e57,9/26/2021,2021,
im703-westfriesland,67d2b761-0eae-e911-a981-000d3a36478d,2022 IRONMAN 70.3 Westfriesland,07ebfb33-cf3c-423f-b3c4-286b1cfddc19,6/26/2022,2022,
im703-westfriesland,67d2b761-0eae-e911-a981-000d3a36478d,2023 IRONMAN 70.3 Westfriesland,1b78b86f-3345-47ac-a36a-4d7addc65c08,6/25/2023,2023,
im703-westfriesland,67d2b761-0eae-e911-a981-000d3a36478d,2024 IRONMAN 70.3 Westfriesland,7d91a5a9-9baa-4e3f-a977-e05c069de8a6,6/23/2024,2024,
im703-westfriesland,67d2b761-0eae-e911-a981-000d3a36478d,2025 IRONMAN 70.3 Westfriesland,ddc798a0-abce-41ba-8c10-d0dd07fe3572,6/22/2025,2025,
im703-weymouth,9da9ce3f-1c7f-e511-9409-005056951bf1,2016 IRONMAN 70.3 Weymouth,f925dba4-1d7f-e511-9409-005056951bf1,9/11/2016,2016,
im703-weymouth,9da9ce3f-1c7f-e511-9409-005056951bf1,2017 IRONMAN 70.3 Weymouth,207611db-b96b-e611-940f-005056951bf1,9/17/2017,2017,
im703-weymouth,9da9ce3f-1c7f-e511-9409-005056951bf1,2018 IRONMAN 70.3 Weymouth,02d06c66-fac3-e711-941b-005056951bf1,9/23/2018,2018,
im703-weymouth,9da9ce3f-1c7f-e511-9409-005056951bf1,2019 IRONMAN 70.3 Weymouth,c169f197-a2f4-e811-a972-000d3a364086,9/22/2019,2019,
im703-weymouth,9da9ce3f-1c7f-e511-9409-005056951bf1,2021 IRONMAN 70.3 Weymouth,3ef53222-43ac-4fcc-8f17-556057833d30,9/19/2021,2021,
im703-weymouth,9da9ce3f-1c7f-e511-9409-005056951bf1,2021 IRONMAN 70.3 Weymouth Bike-Run,7ea7a62d-fdfc-42c1-8f3e-875413bb421f,9/19/2021,2021,
im703-weymouth,9da9ce3f-1c7f-e511-9409-005056951bf1,2022 IRONMAN 70.3 Weymouth,f28a2871-7bcc-4aa7-99e7-34452a789643,9/18/2022,2022,
im703-weymouth,9da9ce3f-1c7f-e511-9409-005056951bf1,2023 IRONMAN 70.3 Weymouth,21d5f802-e971-4d26-b5f4-e265383a7aa3,9/17/2023,2023,
im703-weymouth,9da9ce3f-1c7f-e511-9409-005056951bf1,2024 IRONMAN 70.3 Weymouth,32d50904-af04-4fe7-a5b3-4ffbd19c264f,9/15/2024,2024,
im703-weymouth,9da9ce3f-1c7f-e511-9409-005056951bf1,2025 IRONMAN 70.3 Weymouth,81ebf782-cc26-46a4-8cf1-2d8a6e0c8b19,9/14/2025,2025,
im703-wisconsin,adaedbb8-6095-e611-9410-005056951bf1,2017 IRONMAN 70.3 Wisconsin,8150d212-6295-e611-9410-005056951bf1,6/11/2017,2017,
im703-wisconsin,adaedbb8-6095-e611-9410-005056951bf1,2018 IRONMAN 70.3 Wisconsin,7cc86e40-cc7d-e711-9418-005056951bf1,6/10/2018,2018,
im703-wisconsin,adaedbb8-6095-e611-9410-005056951bf1,2019 IRONMAN 70.3 Wisconsin,bc893804-23a2-e811-a960-000d3a3740b7,6/9/2019,2019,
im703-wisconsin,adaedbb8-6095-e611-9410-005056951bf1,2021 IRONMAN 70.3 Wisconsin,8c623579-dcdd-4779-8f5a-b5e441db337d,9/12/2021,2021,
im703-wisconsin,adaedbb8-6095-e611-9410-005056951bf1,2022 IRONMAN 70.3 Wisconsin,ecbd42b2-1144-4a60-84cd-19d5e7029e69,9/10/2022,2022,
im703-wisconsin,adaedbb8-6095-e611-9410-005056951bf1,2023 IRONMAN 70.3 Wisconsin,afe146c0-9e49-4a8e-b320-f2ed0ce4c619,9/9/2023,2023,
im703-wisconsin,adaedbb8-6095-e611-9410-005056951bf1,2024 IRONMAN 70.3 Wisconsin,2ab591b3-84fa-4abe-96ea-f8d5d20b8eb3,9/7/2024,2024,
im703-wisconsin,adaedbb8-6095-e611-9410-005056951bf1,2025 IRONMAN 70.3 Wisconsin,f574a527-2f31-4bb3-8b45-d1908a220996,9/6/2025,2025,
